Rooms,Type,Price,Bathroom,Car,BuildingArea,YearBuilt,Price_Category
2,3,1275000,1,0.0,82.0,1900.0,1
3,3,2850000,2,0.0,198.0,1890.0,1
3,3,1850000,2,0.0,133.0,1890.0,1
2,3,1436000,1,0.0,81.0,1900.0,1
4,3,2300000,2,1.0,180.0,1880.0,1
3,3,1800000,2,1.0,159.0,1996.0,1
2,3,2120000,1,1.0,107.0,1900.0,1
3,3,1800000,2,1.0,122.0,1900.0,1
3,3,2615000,2,1.0,181.0,1880.0,1
3,3,1370000,2,2.0,85.0,2000.0,1
2,3,1322500,1,0.0,98.0,1890.0,1
2,3,1562500,1,0.0,83.0,1890.0,1
3,3,2000000,2,1.0,147.0,1900.0,1
3,3,3010000,2,0.0,146.0,1890.0,1
4,3,2800000,3,1.0,254.0,1910.0,1
3,3,2100000,1,1.0,123.0,1900.0,1
3,3,2000000,1,1.0,131.0,1890.0,1
1,1,442500,1,0.0,34.0,1970.0,0
4,3,2140000,2,1.0,145.0,1880.0,1
2,3,980000,1,0.0,68.0,1890.0,0
3,3,1740000,2,2.0,134.0,1890.0,1
1,3,985000,1,0.0,54.0,1900.0,0
2,1,599000,1,1.0,76.0,1964.0,0
3,1,995000,2,2.0,100.0,1998.0,0
3,2,1205000,2,2.0,105.0,2000.0,1
3,3,1939000,2,2.0,150.0,1889.0,1
3,3,1870000,1,1.0,116.0,1888.0,1
3,2,1918000,2,2.0,165.0,1995.0,1
3,3,2050000,2,1.0,116.0,1910.0,1
3,1,735000,2,1.0,14.0,1970.0,0
1,3,1435000,2,1.0,107.0,1900.0,1
1,1,280000,1,1.0,38.0,1975.0,0
2,1,592500,1,1.0,73.0,1970.0,0
2,3,1210000,1,0.0,96.0,1910.0,1
4,3,2801000,2,2.0,222.0,1900.0,1
3,3,1800000,2,2.0,121.0,1910.0,1
4,3,2200000,1,2.0,163.0,1900.0,1
1,1,440000,1,1.0,53.0,1970.0,0
3,3,1300000,1,2.0,106.0,1900.0,1
2,1,704000,1,1.0,74.0,1969.0,0
2,1,620000,1,1.0,98.0,1970.0,0
3,3,1900000,1,2.0,108.0,1900.0,1
2,1,710000,1,1.0,80.0,1970.0,0
2,1,598000,1,1.0,88.0,1970.0,0
3,3,1285000,1,2.0,80.0,1920.0,1
2,1,520000,1,1.0,76.0,1970.0,0
3,2,1101000,1,2.0,3.0,2000.0,0
3,1,869000,1,1.0,91.0,1940.0,0
1,1,567000,1,1.0,53.0,2013.0,0
3,3,1670000,2,2.0,220.0,1930.0,1
3,3,1555000,2,2.0,149.0,1935.0,1
3,3,1100000,3,2.0,178.0,2004.0,0
3,3,1337000,1,2.0,112.0,1950.0,1
3,3,1518000,2,2.0,145.0,1920.0,1
3,3,1710000,1,2.0,101.0,1950.0,1
3,3,1655000,1,3.0,152.0,1940.0,1
4,3,1550000,2,2.0,180.0,1938.0,1
3,3,1662000,2,2.0,228.0,2006.0,1
3,3,1665000,2,3.0,145.0,1945.0,1
3,2,900000,2,2.0,110.0,1990.0,0
3,3,1500000,2,2.0,139.0,1945.0,1
3,3,1830000,2,3.0,168.0,1940.0,1
3,3,1415000,1,1.0,111.0,1950.0,1
2,3,1440000,1,1.0,104.0,1940.0,1
4,2,1250000,2,2.0,199.0,2007.0,1
4,3,1860000,2,3.0,274.0,2000.0,1
4,3,1790000,2,2.0,240.0,1935.0,1
4,3,1950000,2,2.0,278.0,1940.0,1
3,3,1650000,1,1.0,164.0,1947.0,1
4,3,1200000,3,2.0,201.0,2016.0,1
2,3,1075000,1,2.0,114.0,1950.0,0
4,3,1500000,2,2.0,203.0,2000.0,1
2,2,700000,1,2.0,110.0,1970.0,0
4,3,1100000,2,2.0,152.0,1970.0,0
2,1,690000,1,1.0,90.0,2003.0,0
3,3,1631000,2,3.0,215.0,1950.0,1
4,3,1500000,2,1.0,255.0,1930.0,1
5,3,1529500,3,2.0,317.0,2000.0,1
2,1,600000,1,1.0,80.0,1970.0,0
4,3,1240000,2,2.0,192.0,1950.0,1
2,1,700000,1,2.0,88.0,2007.0,0
2,3,1110000,1,1.0,86.0,1950.0,0
3,3,1305000,1,1.0,120.0,1960.0,1
3,3,855000,2,1.0,85.0,1958.0,0
3,2,900500,2,2.0,134.0,2012.0,0
3,3,1200000,2,2.0,198.0,1970.0,1
3,2,830000,1,2.0,130.0,2012.0,0
4,3,1819000,2,1.0,180.0,1900.0,1
2,1,410000,1,2.0,61.0,1965.0,0
2,2,1015000,1,2.0,120.0,2000.0,0
2,1,502500,1,1.0,65.0,1960.0,0
2,1,520000,1,0.0,58.0,1970.0,0
2,1,442000,1,1.0,61.0,1960.0,0
3,3,1193000,1,1.0,100.0,1920.0,1
2,1,416000,1,1.0,49.0,1960.0,0
2,1,474000,1,1.0,59.0,1970.0,0
2,3,981000,1,0.0,84.0,1930.0,0
3,3,1690000,2,2.0,159.0,1890.0,1
2,1,540000,1,1.0,51.0,1970.0,0
2,3,2100000,1,1.0,123.0,1920.0,1
4,3,1800000,2,2.0,218.0,1985.0,1
2,2,1255000,1,1.0,129.0,2000.0,1
3,1,1070000,2,2.0,112.0,1998.0,0
4,3,2400000,2,2.0,226.0,1985.0,1
3,3,2200000,3,2.0,266.0,1960.0,1
2,1,806000,1,1.0,97.0,1977.0,0
5,3,2250000,3,2.0,356.0,2006.0,1
5,3,2800000,3,2.0,349.0,2001.0,1
2,3,1850000,1,1.0,166.0,1930.0,1
3,3,700000,1,1.0,110.0,1970.0,0
2,3,500000,1,1.0,72.0,1960.0,0
3,3,2125000,2,2.0,252.0,1985.0,1
4,3,1800000,2,2.0,200.0,1948.0,1
2,1,635000,1,1.0,70.0,2014.0,0
2,1,526000,1,1.0,73.0,1960.0,0
3,3,905000,1,2.0,150.0,1995.0,0
4,3,1750000,3,2.0,308.0,2016.0,1
2,2,760000,1,1.0,100.0,1960.0,0
3,2,1367000,2,2.0,164.0,2003.0,1
4,2,1400000,3,2.0,240.0,2009.0,1
2,1,625000,1,1.0,104.0,1960.0,0
4,3,2730000,3,2.0,336.0,1997.0,1
2,1,460000,1,1.0,79.0,1950.0,0
2,1,1053000,1,2.0,98.0,1985.0,0
3,2,1472000,2,2.0,170.0,1995.0,1
2,1,754000,1,1.0,88.0,1990.0,0
4,3,2188000,2,2.0,253.0,1981.0,1
2,1,755000,1,1.0,92.0,1980.0,0
4,3,2410000,2,1.0,207.0,1940.0,1
2,1,650000,1,1.0,150.0,1960.0,0
4,3,2000000,1,2.0,291.0,1930.0,1
4,3,1900000,2,1.0,155.0,1940.0,1
3,3,1750000,2,3.0,193.0,1943.0,1
5,3,2450000,2,2.0,260.0,1960.0,1
2,1,730000,1,1.0,80.0,1960.0,0
3,3,1500000,2,2.0,190.0,2011.0,1
4,3,1700000,1,1.0,115.0,1935.0,1
3,2,1315000,2,2.0,167.0,2000.0,1
3,3,1500000,2,1.0,154.0,1950.0,1
4,3,1905000,2,2.0,185.0,1955.0,1
4,3,1900000,2,2.0,215.0,1955.0,1
3,3,2251000,1,2.0,137.0,1950.0,1
4,3,2205000,2,2.0,214.0,1950.0,1
3,3,1265000,2,1.0,160.0,2011.0,1
4,3,1750000,2,2.0,185.0,1960.0,1
3,3,1450000,1,2.0,124.0,1950.0,1
4,3,2614000,2,2.0,150.0,1955.0,1
4,3,1825000,2,3.0,225.0,1958.0,1
3,2,1150000,2,1.0,144.0,2003.0,0
4,3,1572000,2,2.0,330.0,1965.0,1
4,3,1850000,2,2.0,254.0,1990.0,1
4,3,2130000,3,2.0,275.0,1970.0,1
4,3,1740000,2,2.0,275.0,1993.0,1
4,3,2575000,3,2.0,355.0,2006.0,1
4,3,1388800,2,1.0,247.0,1970.0,1
4,3,2910000,3,2.0,247.0,1992.0,1
5,3,2200000,3,2.0,355.0,1955.0,1
3,3,1700000,2,3.0,168.0,1960.0,1
3,3,1230000,3,1.0,188.0,2012.0,1
4,3,1950000,3,2.0,232.0,1970.0,1
5,3,1750000,2,2.0,170.0,1955.0,1
5,3,2000000,2,2.0,244.0,1950.0,1
4,3,3000000,3,2.0,50.0,1960.0,1
3,3,1818000,1,1.0,90.0,1930.0,1
4,3,2525000,2,2.0,196.0,1960.0,1
4,3,1720000,3,2.0,170.0,1950.0,1
4,3,1675000,2,2.0,201.0,1974.0,1
4,2,1680000,3,1.0,200.0,2014.0,1
4,3,2205000,2,2.0,250.0,1950.0,1
3,3,2100000,2,3.0,175.0,1940.0,1
2,3,685000,1,1.0,85.0,1975.0,0
3,3,1335000,2,2.0,177.0,2009.0,1
2,1,1040000,1,1.0,112.0,1995.0,0
4,3,1250000,2,2.0,153.0,1950.0,1
5,3,1875000,3,2.0,200.0,1961.0,1
4,3,1530000,2,2.0,198.0,1960.0,1
3,3,1651000,1,2.0,151.0,1960.0,1
5,3,1920000,3,2.0,355.0,1955.0,1
5,3,1560000,2,3.0,199.0,1980.0,1
3,3,1038000,2,1.0,144.0,2003.0,0
5,3,1660000,3,2.0,193.0,1950.0,1
3,3,1770000,2,1.0,147.0,1955.0,1
2,1,691500,1,1.0,102.0,1968.0,0
3,1,875000,1,2.0,121.0,1950.0,0
3,3,1425000,2,2.0,143.0,1960.0,1
2,2,851000,1,1.0,250.0,1970.0,0
3,3,1222500,2,2.0,181.0,2000.0,1
3,3,1317500,1,1.0,127.0,1945.0,1
2,1,360000,1,1.0,69.0,1965.0,0
4,2,1435000,3,2.0,212.0,2012.0,1
3,3,1110000,1,2.0,164.0,1940.0,0
4,3,2435000,2,2.0,250.0,1928.0,1
3,3,1500000,2,1.0,222.0,1940.0,1
4,3,1300000,2,2.0,194.0,1940.0,1
3,3,1125000,1,2.0,116.0,1948.0,0
4,3,1328000,2,2.0,112.0,1940.0,1
3,3,1340000,2,1.0,135.0,1910.0,1
4,2,1155000,3,2.0,205.0,2010.0,0
2,3,855000,1,1.0,103.0,1940.0,0
2,1,650000,1,1.0,92.0,1960.0,0
4,3,2255000,3,2.0,353.0,2008.0,1
4,3,1860000,2,3.0,197.0,1930.0,1
2,1,725000,1,1.0,100.0,1990.0,0
3,3,1293000,1,1.0,108.0,1950.0,1
3,3,1328000,2,2.0,245.0,1970.0,1
4,2,1247000,2,3.0,255.0,2008.0,1
3,3,1370000,1,2.0,143.0,1950.0,1
3,3,1095000,2,1.0,170.0,1965.0,0
2,1,725000,1,1.0,88.0,2012.0,0
3,2,825000,2,2.0,149.0,2007.0,0
3,2,1235000,2,2.0,160.0,2012.0,1
3,3,1165000,1,2.0,125.0,1950.0,0
2,1,820000,1,3.0,109.0,1960.0,0
4,3,1430000,2,2.0,168.0,1970.0,1
2,3,910000,1,2.0,96.0,1970.0,0
5,3,1900000,2,2.0,250.0,1926.0,1
2,2,670000,2,1.0,90.0,2007.0,0
2,2,680000,1,1.0,107.0,1998.0,0
4,2,1320000,3,3.0,220.0,2010.0,1
6,3,1900000,3,2.0,275.0,1988.0,1
3,3,1535000,2,2.0,150.0,1930.0,1
5,3,1385000,2,2.0,178.0,1950.0,1
2,3,825000,2,1.0,125.0,2008.0,0
2,1,746000,1,2.0,95.0,2002.0,0
5,3,1275000,2,2.0,190.0,1960.0,1
3,1,1025000,2,2.0,120.0,1999.0,0
2,1,495000,1,1.0,79.0,1980.0,0
4,3,1220000,2,2.0,178.0,1950.0,1
3,3,885000,1,2.0,110.0,1950.0,0
3,2,830000,2,2.0,141.0,2012.0,0
4,2,1210000,3,2.0,222.0,2014.0,1
4,2,1160000,2,2.0,180.0,2006.0,0
3,3,1215000,2,3.0,110.0,1970.0,1
4,3,1200000,2,2.0,191.0,1960.0,1
3,3,1050000,2,2.0,140.0,1950.0,0
2,1,380000,2,1.0,78.0,1970.0,0
2,3,689000,1,1.0,87.0,1960.0,0
3,3,1338000,2,2.0,177.0,1970.0,1
2,1,651000,1,1.0,150.0,1960.0,0
3,3,1390000,2,2.0,118.0,1960.0,1
3,3,1100000,1,2.0,163.0,1955.0,0
4,3,1206000,1,1.0,138.0,1940.0,1
2,2,486500,1,1.0,75.0,1960.0,0
4,3,1415000,2,2.0,177.0,1970.0,1
4,2,1185000,2,2.0,207.0,2012.0,0
4,2,1060000,3,1.0,166.0,1960.0,0
3,3,845000,2,2.0,145.0,1998.0,0
3,2,860000,2,1.0,117.0,1995.0,0
3,2,921000,2,2.0,140.0,2009.0,0
2,3,742500,1,1.0,135.0,1960.0,0
3,3,920000,2,2.0,120.0,1950.0,0
4,3,1010000,1,2.0,112.0,1960.0,0
2,3,702000,1,1.0,102.0,1960.0,0
3,2,805000,2,1.0,117.0,2000.0,0
4,3,1100000,2,1.0,190.0,2004.0,0
2,3,722000,2,1.0,79.0,2005.0,0
3,3,930000,1,2.0,133.0,1960.0,0
3,3,921000,2,1.0,119.0,2000.0,0
4,3,1035000,1,2.0,160.0,1950.0,0
4,3,1352000,2,2.0,196.0,1950.0,1
4,2,1005000,2,2.0,205.0,2006.0,0
5,3,1600000,2,2.0,315.0,1930.0,1
3,3,1200000,1,1.0,120.0,1970.0,1
3,3,780000,2,2.0,126.0,1950.0,0
4,2,1250000,2,2.0,231.0,2010.0,1
4,3,1110000,2,2.0,176.0,1960.0,0
4,3,1690000,2,2.0,165.0,1950.0,1
3,1,791000,3,1.0,122.0,1950.0,0
3,3,900000,1,3.0,140.0,1940.0,0
3,2,970000,2,2.0,156.0,2000.0,0
3,3,823000,2,2.0,143.0,2003.0,0
4,2,1045000,2,1.0,190.0,2010.0,0
2,1,655000,1,1.0,80.0,2000.0,0
5,3,1550000,3,2.0,257.0,1950.0,1
3,3,835000,1,1.0,105.0,1980.0,0
4,2,1465000,2,2.0,256.0,2015.0,1
3,3,910000,1,1.0,96.0,1950.0,0
3,1,920000,2,1.0,123.0,2007.0,0
3,2,935000,2,2.0,160.0,2012.0,0
3,3,977000,1,2.0,163.0,1970.0,0
3,3,1352000,1,2.0,122.0,1950.0,1
4,3,1115000,2,2.0,160.0,1960.0,0
3,3,1197000,1,2.0,147.0,1949.0,1
2,1,485000,2,2.0,83.0,2011.0,0
4,3,1365000,1,1.0,151.0,1960.0,1
4,3,1698888,2,2.0,337.0,2006.0,1
3,2,965000,2,1.0,28.0,2010.0,0
3,1,870000,2,2.0,150.0,2011.0,0
3,3,1161000,2,3.0,168.0,1950.0,0
3,3,1266000,1,3.0,146.0,1970.0,1
3,2,700000,2,2.0,200.0,2008.0,0
3,1,770000,2,1.0,132.0,2005.0,0
1,1,380000,1,1.0,99.0,1970.0,0
4,3,1175000,2,2.0,158.0,1980.0,0
3,3,1200000,1,1.0,120.0,1960.0,1
4,3,1370000,1,2.0,196.0,1970.0,1
4,3,1433500,1,1.0,186.0,1950.0,1
3,2,860000,2,1.0,131.0,2005.0,0
2,1,715000,1,1.0,114.0,1995.0,0
2,3,710000,1,1.0,115.0,1950.0,0
5,3,1550000,3,2.0,296.0,2007.0,1
3,1,790000,1,2.0,100.0,1996.0,0
3,3,1020000,1,2.0,144.0,1960.0,0
3,3,886000,2,1.0,122.0,2012.0,0
4,3,1015000,2,3.0,198.0,1997.0,0
4,3,1255000,2,2.0,167.0,1950.0,1
3,3,1320000,1,1.0,94.0,1950.0,1
3,3,870000,2,1.0,133.0,1950.0,0
4,3,1472500,2,2.0,219.0,2013.0,1
2,3,640000,2,2.0,118.0,2005.0,0
3,3,1635000,1,2.0,156.0,1920.0,1
2,1,536000,1,2.0,70.0,1970.0,0
3,3,1975000,1,2.0,122.0,1930.0,1
3,3,1390000,1,2.0,137.0,1975.0,1
4,3,2905000,3,1.0,260.0,1905.0,1
2,1,1300000,2,2.0,132.0,1940.0,1
3,2,1725000,2,2.0,225.0,1997.0,1
3,3,2100000,2,2.0,209.0,1970.0,1
2,1,800000,1,1.0,74.0,1960.0,0
4,3,1761000,2,3.0,135.0,1920.0,1
3,3,1302500,2,2.0,171.0,1993.0,1
5,3,2750000,3,1.0,341.0,2005.0,1
2,1,892500,1,2.0,92.0,1970.0,0
4,3,2145000,2,1.0,197.0,1910.0,1
5,3,3171000,2,2.0,340.0,2000.0,1
2,1,620000,2,1.0,74.0,2013.0,0
3,2,1475000,2,2.0,163.0,2000.0,1
3,3,1650000,2,2.0,111.0,1980.0,1
5,3,1562500,2,2.0,202.0,1925.0,1
3,3,2050000,3,2.0,262.0,2012.0,1
2,1,1100000,1,2.0,85.0,1935.0,0
3,3,1650000,2,1.0,143.0,1910.0,1
2,3,1570000,1,0.0,111.0,1920.0,1
3,3,1785000,2,1.0,118.0,1953.0,1
3,3,1875000,2,2.0,170.0,1991.0,1
3,1,1266000,1,2.0,116.0,1950.0,1
1,1,375000,1,1.0,40.0,1965.0,0
2,1,756000,1,1.0,80.0,1920.0,0
3,3,2375000,2,2.0,302.0,2000.0,1
3,3,1385000,1,2.0,120.0,1935.0,1
2,1,858000,1,1.0,75.0,1950.0,0
4,3,2475000,2,2.0,274.0,1920.0,1
4,3,2700000,2,2.0,333.0,1925.0,1
2,1,610000,1,1.0,75.0,2005.0,0
2,3,1532000,1,2.0,165.0,1910.0,1
2,2,1037000,1,2.0,2.0,2009.0,0
4,2,1630000,2,2.0,196.0,2000.0,1
4,3,2640000,2,2.0,246.0,1975.0,1
1,1,671000,1,1.0,74.0,1980.0,0
4,2,2250000,2,2.0,281.0,2012.0,1
3,3,2900000,1,1.0,161.0,1942.0,1
4,3,2405000,1,2.0,142.0,1970.0,1
3,1,1352500,2,1.0,110.0,1993.0,1
5,3,3105000,2,2.0,304.0,1930.0,1
4,3,1500000,2,1.0,195.0,1990.0,1
4,3,1940000,2,2.0,240.0,1960.0,1
4,3,1850000,2,2.0,268.0,1940.0,1
3,3,930000,1,1.0,117.0,1930.0,0
4,3,1310000,3,2.0,213.0,2008.0,1
4,3,2504000,2,2.0,183.0,1950.0,1
2,3,1445000,1,1.0,126.0,1940.0,1
5,3,1700000,2,1.0,274.0,1935.0,1
3,3,1500000,2,2.0,228.0,2000.0,1
3,3,1400000,1,3.0,182.0,1950.0,1
5,3,1600000,2,2.0,245.0,1945.0,1
2,3,1780000,3,2.0,119.0,1935.0,1
2,1,775000,1,1.0,90.0,1960.0,0
3,3,1480000,2,2.0,143.0,1925.0,1
3,3,1590000,3,2.0,244.0,2012.0,1
4,3,2840000,2,2.0,274.0,1972.0,1
2,3,1000000,1,2.0,131.0,1948.0,0
3,1,880000,2,2.0,34.0,1990.0,0
4,3,1920000,1,1.0,203.0,1960.0,1
3,3,1301000,2,2.0,121.0,1926.0,1
5,3,2550000,3,2.0,233.0,1960.0,1
5,3,1915000,2,0.0,238.0,1970.0,1
4,3,1650000,3,2.0,212.0,1948.0,1
4,3,1530000,2,1.0,177.0,1920.0,1
5,3,2550000,3,2.0,346.0,2016.0,1
2,1,905000,1,2.0,93.0,1980.0,0
3,3,1355000,1,2.0,151.0,1930.0,1
2,3,1845000,1,2.0,145.0,1950.0,1
5,3,2050000,3,3.0,309.0,1970.0,1
3,3,1710000,3,2.0,228.0,1915.0,1
3,2,1300000,2,2.0,222.0,2000.0,1
4,3,2200000,2,2.0,286.0,2000.0,1
4,3,2150000,3,2.0,225.0,1970.0,1
1,2,681000,1,1.0,60.0,2012.0,0
2,3,1310000,3,2.0,250.0,2018.0,1
1,1,340000,1,1.0,57.0,1950.0,0
2,1,692000,1,1.0,66.0,1960.0,0
4,2,1367000,2,2.0,4.0,2000.0,1
2,1,903000,1,1.0,101.0,1970.0,0
2,3,1813000,1,2.0,117.0,1930.0,1
5,3,1655000,2,2.0,288.0,1950.0,1
3,2,1230000,2,2.0,193.0,1980.0,1
4,3,1389000,1,2.0,150.0,1930.0,1
4,3,2310000,2,2.0,130.0,1930.0,1
2,2,1014000,1,1.0,131.0,1990.0,0
5,3,1590000,3,2.0,253.0,1940.0,1
4,3,1890000,2,2.0,111.0,1960.0,1
3,1,1022500,2,2.0,130.0,2000.0,0
3,3,1755000,1,1.0,145.0,1970.0,1
3,3,1300000,1,1.0,136.0,1950.0,1
3,3,1160000,1,1.0,111.0,1950.0,0
4,3,2000000,3,2.0,229.0,1996.0,1
3,3,790000,1,2.0,103.0,1960.0,0
4,3,1682000,2,1.0,174.0,1950.0,1
3,1,625000,2,1.0,115.0,2002.0,0
2,1,650000,1,1.0,120.0,1975.0,0
5,3,1060000,3,2.0,210.0,2013.0,0
4,3,1255000,2,2.0,210.0,2005.0,1
2,3,633000,1,1.0,92.0,1965.0,0
2,3,1350000,1,2.0,82.0,1950.0,1
3,3,570000,1,1.0,112.0,1950.0,0
3,2,745000,1,2.0,126.0,1998.0,0
3,1,746000,1,2.0,92.0,1995.0,0
3,3,1540000,2,2.0,120.0,1950.0,1
4,2,1270000,2,2.0,212.0,2005.0,1
4,2,900000,3,2.0,176.0,2013.0,0
4,3,1250000,2,2.0,220.0,2005.0,1
4,3,1410000,2,3.0,182.0,1970.0,1
4,1,800000,2,1.0,150.0,1950.0,0
3,2,702000,2,1.0,106.0,2001.0,0
4,3,2650000,2,1.0,189.0,1890.0,1
2,1,729000,1,1.0,87.0,1970.0,0
3,3,1650000,2,2.0,189.0,1998.0,1
2,1,615000,1,1.0,68.0,1960.0,0
3,3,1987000,2,2.0,164.0,1960.0,1
2,1,683000,1,1.0,86.0,1970.0,0
3,3,1690000,2,1.0,154.0,1950.0,1
2,1,430000,1,1.0,56.0,2011.0,0
4,3,2600000,2,2.0,232.0,1897.0,1
3,3,2325000,2,2.0,131.0,1930.0,1
2,1,435000,1,1.0,77.0,1960.0,0
2,2,900400,1,1.0,111.0,1960.0,0
3,3,2000000,1,2.0,105.0,1925.0,1
3,3,1302000,1,1.0,115.0,1938.0,1
3,3,1622000,1,1.0,160.0,1930.0,1
2,1,502000,1,1.0,77.0,1965.0,0
2,1,435000,1,1.0,77.0,1960.0,0
3,1,591000,1,1.0,89.0,1960.0,0
3,3,1780000,1,1.0,133.0,1930.0,1
3,3,2250000,2,2.0,225.0,2009.0,1
2,3,895000,1,1.0,95.0,1930.0,0
3,3,1800000,2,0.0,213.0,1920.0,1
2,1,900000,1,1.0,88.0,1970.0,0
5,3,2700000,3,2.0,317.0,1994.0,1
2,1,530000,1,1.0,76.0,1960.0,0
4,3,2228000,2,2.0,163.0,1960.0,1
3,3,1602500,1,1.0,102.0,1930.0,1
3,3,2177000,1,2.0,130.0,1920.0,1
3,3,2105000,1,2.0,164.0,1940.0,1
3,2,1625000,2,2.0,160.0,1990.0,1
2,1,667000,1,1.0,81.0,1960.0,0
2,1,700000,1,1.0,75.0,1970.0,0
4,3,3225000,3,1.0,270.0,1890.0,1
5,3,2125000,3,2.0,282.0,1980.0,1
4,3,2030000,2,2.0,210.0,1960.0,1
4,3,2750000,3,1.0,257.0,1912.0,1
4,3,2950000,2,2.0,215.0,1935.0,1
3,3,1587500,1,1.0,130.0,1920.0,1
2,1,830000,1,1.0,83.0,1960.0,0
4,3,2375000,2,1.0,229.0,1910.0,1
5,3,2900000,2,2.0,297.0,1910.0,1
3,3,2200000,3,2.0,148.0,1890.0,1
4,3,2620000,1,1.0,235.0,1890.0,1
2,3,1305000,1,1.0,104.0,1945.0,1
3,3,928000,2,1.0,140.0,1998.0,0
4,3,2950000,2,3.0,173.0,1927.0,1
2,1,722000,1,1.0,92.0,1965.0,0
3,3,1640000,3,2.0,207.0,1997.0,1
3,3,1680000,2,1.0,197.0,1910.0,1
3,3,1850000,2,2.0,216.0,1995.0,1
4,3,3145000,2,2.0,276.0,2012.0,1
3,1,820000,1,2.0,96.0,1989.0,0
2,2,795000,2,1.0,104.0,2009.0,0
2,1,600000,1,1.0,61.0,1970.0,0
3,3,1295000,1,2.0,166.0,1960.0,1
2,1,510000,1,1.0,69.0,1970.0,0
2,3,890000,1,1.0,111.0,1960.0,0
1,1,346000,1,1.0,48.0,1970.0,0
3,2,860000,2,1.0,113.0,1990.0,0
2,1,772000,1,2.0,100.0,1973.0,0
4,3,1506000,2,2.0,204.0,1925.0,1
3,2,675000,2,1.0,107.0,1990.0,0
2,1,525000,1,2.0,67.0,2009.0,0
1,1,290000,1,1.0,50.0,1960.0,0
2,1,360000,1,1.0,70.0,1970.0,0
2,3,967500,1,2.0,115.0,1930.0,0
1,1,330000,1,1.0,33.0,1970.0,0
3,3,1600000,2,2.0,40.0,1923.0,1
3,1,1008000,2,1.0,130.0,1990.0,0
3,1,1170000,1,2.0,170.0,1925.0,0
4,3,1830000,2,2.0,237.0,1983.0,1
1,1,250000,1,1.0,34.0,1960.0,0
2,2,930000,2,1.0,170.0,2009.0,0
2,1,465000,1,1.0,56.0,1970.0,0
4,3,1550000,2,2.0,133.0,1930.0,1
2,2,707000,1,1.0,96.0,2000.0,0
2,1,804000,2,1.0,86.0,1993.0,0
4,3,1501000,2,1.0,201.0,1970.0,1
3,2,970000,2,2.0,223.0,2005.0,0
2,3,817500,1,1.0,102.0,2002.0,0
4,3,1450000,2,2.0,200.0,1938.0,1
2,2,855000,1,1.0,106.0,1994.0,0
2,3,675000,1,1.0,90.0,1968.0,0
2,1,588000,1,1.0,71.0,2011.0,0
2,1,455000,1,1.0,73.0,1970.0,0
3,1,920000,2,1.0,250.0,2005.0,0
2,1,656000,1,1.0,82.0,1970.0,0
2,3,930000,1,1.0,110.0,1930.0,0
2,1,415000,1,1.0,64.0,1970.0,0
2,1,650000,1,1.0,80.0,1975.0,0
3,3,1360000,2,2.0,182.0,2010.0,1
2,3,907000,1,2.0,2.0,1960.0,0
1,1,350000,1,1.0,53.0,1980.0,0
3,3,1430000,2,2.0,166.0,1945.0,1
3,3,1490000,2,1.0,167.0,1915.0,1
3,3,1125000,1,1.0,120.0,1925.0,0
2,1,405000,1,1.0,72.0,1970.0,0
4,3,1655000,2,2.0,221.0,1915.0,1
3,2,808000,1,1.0,116.0,1998.0,0
2,1,370000,1,1.0,68.0,1950.0,0
4,3,1880000,2,3.0,270.0,1970.0,1
2,1,585000,1,1.0,67.0,1970.0,0
2,1,450000,1,1.0,72.0,1970.0,0
3,2,860000,1,2.0,135.0,1978.0,0
2,1,605000,1,1.0,70.0,1973.0,0
4,3,1518000,3,2.0,275.0,2000.0,1
2,1,632500,1,1.0,98.0,1965.0,0
2,1,435000,1,1.0,60.0,1980.0,0
2,1,468250,1,1.0,75.0,2008.0,0
3,3,1716000,2,1.0,130.0,1925.0,1
1,1,365000,1,1.0,48.0,1960.0,0
2,1,722500,1,1.0,100.0,1960.0,0
2,1,550000,1,1.0,78.0,1960.0,0
4,3,131000,1,2.0,155.0,1920.0,0
3,3,1750000,2,2.0,313.0,1955.0,1
2,1,580000,1,1.0,68.0,2012.0,0
3,3,2005000,2,3.0,237.0,2014.0,1
2,1,420000,1,1.0,56.0,2012.0,0
1,1,290000,1,1.0,43.0,1970.0,0
2,1,570000,1,1.0,67.0,1960.0,0
3,3,1400000,1,0.0,139.0,1910.0,1
2,1,450000,1,1.0,63.0,2014.0,0
2,1,536000,1,1.0,82.0,1960.0,0
2,1,550000,1,1.0,67.0,2011.0,0
4,3,2170000,2,1.0,215.0,1915.0,1
3,3,1577500,2,2.0,144.0,1935.0,1
3,3,1460000,1,2.0,121.0,1960.0,1
1,1,275500,1,1.0,44.0,1960.0,0
2,3,1065000,1,1.0,114.0,1930.0,0
3,1,599000,1,1.0,100.0,1960.0,0
3,3,1170000,1,1.0,120.0,1960.0,0
4,2,1030000,2,2.0,165.0,1995.0,0
2,3,1225000,1,2.0,99.0,1940.0,1
3,3,1450000,2,1.0,120.0,1925.0,1
4,3,1774500,2,2.0,256.0,2008.0,1
2,1,525500,1,1.0,80.0,1970.0,0
2,3,825000,1,1.0,85.0,1930.0,0
2,3,1262000,2,2.0,272.0,2016.0,1
2,3,1340000,1,1.0,117.0,1940.0,1
3,3,1200000,2,2.0,135.0,1920.0,1
2,3,1001000,2,1.0,85.0,1890.0,0
3,3,1330000,1,1.0,123.0,1926.0,1
4,3,1570000,2,2.0,215.0,1970.0,1
4,3,1916000,2,2.0,205.0,1910.0,1
4,3,890000,3,2.0,158.0,2014.0,0
3,1,700000,2,1.0,94.0,2006.0,0
3,2,865000,2,2.0,143.0,2010.0,0
4,2,1042500,3,2.0,160.0,2016.0,0
2,3,1002000,1,1.0,97.0,1950.0,0
3,3,650000,2,2.0,101.0,2000.0,0
4,2,965000,3,2.0,182.0,2012.0,0
3,3,1301000,1,2.0,88.0,1970.0,1
4,3,1415500,2,1.0,164.0,1950.0,1
4,3,1260000,2,2.0,277.0,2001.0,1
3,3,1000000,1,2.0,105.0,1960.0,0
3,2,845000,2,1.0,111.0,2012.0,0
4,2,881000,2,1.0,137.0,2014.0,0
2,3,900000,1,2.0,110.0,1940.0,0
3,3,1625000,2,2.0,181.0,1920.0,1
4,3,1100000,2,0.0,159.0,1910.0,0
3,3,1755000,2,1.0,173.0,1905.0,1
4,3,1400000,1,1.0,150.0,1910.0,1
3,1,1240000,2,2.0,123.0,1990.0,1
2,1,700000,1,2.0,92.0,1960.0,0
2,1,591000,1,1.0,62.0,2008.0,0
2,1,537000,1,1.0,79.0,1970.0,0
3,3,800000,2,2.0,112.0,2010.0,0
3,3,965000,1,2.0,119.0,1900.0,0
2,3,1160000,2,2.0,137.0,2011.0,0
3,2,820000,2,2.0,3.0,2002.0,0
4,3,2600000,2,2.0,184.0,1880.0,1
3,3,1390000,1,2.0,102.0,1960.0,1
3,2,1071000,2,2.0,125.0,2000.0,0
3,3,1800000,2,2.0,181.0,1905.0,1
3,3,2345000,2,1.0,204.0,1908.0,1
2,1,626000,1,1.0,100.0,1930.0,0
3,3,2160000,1,1.0,185.0,1960.0,1
4,3,3000000,2,2.0,204.0,1960.0,1
4,3,1650000,3,2.0,185.0,1913.0,1
3,2,850000,2,2.0,142.0,2000.0,0
3,3,1750000,2,2.0,207.0,1900.0,1
3,3,1450000,1,2.0,108.0,1915.0,1
4,3,2806000,3,2.0,255.0,1930.0,1
3,1,782000,1,1.0,95.0,1970.0,0
4,3,1007000,2,2.0,200.0,2000.0,0
4,3,1450000,2,2.0,192.0,1917.0,1
2,1,500000,1,1.0,59.0,2006.0,0
4,3,2600000,3,2.0,273.0,1885.0,1
2,3,895000,1,1.0,81.0,1915.0,0
4,3,2050000,3,2.0,270.0,2016.0,1
3,3,1605000,1,1.0,152.0,1890.0,1
1,1,520000,1,1.0,51.0,1930.0,0
2,1,507000,1,1.0,79.0,1970.0,0
2,1,525000,1,1.0,83.0,1960.0,0
2,1,750000,1,1.0,71.0,1930.0,0
1,1,510000,1,1.0,60.0,2001.0,0
1,1,300000,1,0.0,33.0,1930.0,0
3,2,1395000,2,1.0,126.0,1996.0,1
2,1,855000,1,1.0,85.0,1960.0,0
2,1,790000,1,2.0,85.0,1940.0,0
2,1,550000,1,1.0,68.0,1960.0,0
1,1,357000,1,1.0,50.0,1965.0,0
2,3,1210000,1,0.0,92.0,1890.0,1
2,1,825000,1,2.0,86.0,1930.0,0
3,3,1050000,1,0.0,138.0,1920.0,0
2,1,632000,1,1.0,54.0,1970.0,0
1,1,485000,1,1.0,43.0,1970.0,0
2,1,575000,1,0.0,57.0,1950.0,0
2,1,590000,1,1.0,77.0,1970.0,0
3,3,1238000,2,1.0,119.0,1996.0,1
2,1,510000,1,1.0,62.0,1950.0,0
4,3,1875000,2,0.0,173.0,1910.0,1
3,1,780000,1,1.0,100.0,1960.0,0
3,3,878500,2,1.0,122.0,2002.0,0
2,1,560000,1,0.0,70.0,1930.0,0
2,1,765000,1,0.0,88.0,1940.0,0
2,1,670000,2,1.0,84.0,1970.0,0
3,3,1625000,2,1.0,133.0,1950.0,1
2,1,1122000,2,1.0,104.0,1923.0,0
4,3,2400000,2,2.0,185.0,1920.0,1
2,1,655000,1,1.0,70.0,1965.0,0
2,1,684000,1,0.0,98.0,1930.0,0
2,1,500000,1,1.0,63.0,1970.0,0
2,1,680000,1,1.0,67.0,1930.0,0
2,1,600000,1,1.0,75.0,1960.0,0
1,1,370000,1,1.0,51.0,1960.0,0
1,1,390000,1,1.0,47.0,1960.0,0
2,1,630000,1,1.0,70.0,1935.0,0
2,1,640000,1,0.0,80.0,1940.0,0
2,1,932000,2,1.0,110.0,2012.0,0
2,1,645000,1,1.0,75.0,1975.0,0
1,1,347000,1,1.0,37.0,1970.0,0
2,1,875000,1,1.0,83.0,1930.0,0
2,1,582500,1,1.0,65.0,1970.0,0
2,1,570000,1,1.0,50.0,1940.0,0
4,3,1875000,3,0.0,211.0,2005.0,1
1,1,340000,1,1.0,42.0,1970.0,0
4,3,2200000,3,2.0,218.0,1900.0,1
2,1,687500,1,1.0,69.0,1930.0,0
2,1,730000,1,1.0,85.0,1940.0,0
2,1,526000,1,0.0,47.0,1930.0,0
3,2,920000,2,2.0,18.0,2010.0,0
3,3,1830000,2,2.0,162.0,1925.0,1
3,3,1735000,2,3.0,170.0,1935.0,1
4,3,1800000,2,2.0,217.0,1930.0,1
4,3,1998000,2,1.0,183.0,2002.0,1
2,1,671000,1,1.0,85.0,1960.0,0
3,3,1425000,2,2.0,163.0,2006.0,1
3,3,1530000,1,1.0,118.0,1940.0,1
3,3,1360000,2,1.0,134.0,1940.0,1
4,3,2325000,3,2.0,314.0,1930.0,1
4,3,2538000,2,3.0,314.0,2000.0,1
2,1,550000,1,1.0,63.0,1968.0,0
3,3,1600000,2,1.0,134.0,1940.0,1
3,3,2115000,2,2.0,157.0,1920.0,1
3,3,1700000,2,2.0,188.0,1951.0,1
4,3,2077000,2,3.0,143.0,1910.0,1
4,3,2850000,3,2.0,305.0,1935.0,1
2,1,411000,1,1.0,65.0,1970.0,0
4,3,2020000,2,2.0,351.0,2009.0,1
4,3,2010000,2,2.0,212.0,1930.0,1
1,1,452000,1,1.0,52.0,1980.0,0
3,3,1820000,1,3.0,136.0,1930.0,1
1,1,291000,1,1.0,38.0,1982.0,0
4,3,2376000,2,2.0,230.0,1925.0,1
3,3,1456000,1,2.0,142.0,1920.0,1
3,3,1430000,3,2.0,255.0,1960.0,1
1,2,345000,1,1.0,44.0,1970.0,0
5,3,2000000,3,1.0,248.0,1920.0,1
2,2,585000,1,1.0,84.0,1960.0,0
4,3,1700000,3,1.0,266.0,1946.0,1
3,3,1375000,2,2.0,176.0,1990.0,1
2,3,920000,1,2.0,115.0,1930.0,0
2,1,382000,1,1.0,33.0,1960.0,0
2,3,1280000,1,1.0,123.0,1950.0,1
4,3,1825000,3,2.0,26.0,1999.0,1
5,3,3085000,3,3.0,326.0,2000.0,1
2,3,1600000,2,2.0,184.0,1950.0,1
5,3,2352500,3,2.0,336.0,1930.0,1
4,3,2625000,3,2.0,326.0,1930.0,1
4,3,1950000,2,2.0,155.0,1960.0,1
3,3,2200000,1,2.0,142.0,1930.0,1
3,3,1751000,1,3.0,140.0,1930.0,1
4,3,1857000,2,3.0,205.0,1930.0,1
2,1,720000,1,2.0,74.0,1940.0,0
3,3,1500000,1,3.0,107.0,1935.0,1
4,3,2725000,3,2.0,246.0,2007.0,1
3,3,2800000,1,2.0,153.0,1930.0,1
3,3,1665000,1,2.0,143.0,1941.0,1
2,1,600000,1,1.0,80.0,1960.0,0
5,3,2410000,2,2.0,354.0,2015.0,1
4,3,2100000,2,2.0,216.0,1930.0,1
4,3,2950000,2,2.0,295.0,1966.0,1
3,3,1931000,2,2.0,193.0,1975.0,1
2,3,1250000,1,2.0,107.0,1910.0,1
2,1,895000,1,1.0,87.0,1975.0,0
2,1,587000,1,1.0,74.0,1975.0,0
4,3,2800000,3,2.0,320.0,2015.0,1
4,3,3250000,3,2.0,300.0,1904.0,1
4,3,2140000,2,3.0,187.0,1925.0,1
4,3,1600000,2,2.0,242.0,2011.0,1
3,3,1003500,1,2.0,109.0,1998.0,0
2,1,802000,1,1.0,85.0,1965.0,0
5,3,1400000,2,2.0,168.0,1960.0,1
3,3,1560000,1,3.0,125.0,1955.0,1
2,1,680000,1,2.0,78.0,1960.0,0
2,1,760000,1,1.0,86.0,1985.0,0
2,1,616000,1,1.0,104.0,2005.0,0
4,3,1680000,1,1.0,90.0,1955.0,1
3,3,1120000,2,3.0,113.0,1984.0,0
4,3,3200000,3,3.0,325.0,1920.0,1
4,3,1250000,3,2.0,220.0,2014.0,1
5,3,1805000,2,2.0,224.0,1950.0,1
4,3,2600000,1,2.0,162.0,1900.0,1
3,3,1050000,2,2.0,120.0,1970.0,0
3,1,810000,1,1.0,115.0,1960.0,0
3,3,1460000,2,2.0,137.0,1970.0,1
5,3,3075000,2,2.0,204.0,1901.0,1
2,1,875500,2,1.0,118.0,1970.0,0
5,3,2980000,3,2.0,323.0,2011.0,1
3,2,1100000,2,1.0,140.0,1987.0,0
2,1,450000,2,1.0,70.0,2007.0,0
2,1,500000,1,1.0,61.0,1970.0,0
4,3,1460000,3,2.0,228.0,1950.0,1
2,2,915500,2,1.0,148.0,1960.0,0
4,3,1740000,3,2.0,209.0,1950.0,1
4,3,1800000,2,1.0,184.0,1935.0,1
4,3,2160000,2,1.0,231.0,1940.0,1
4,3,2250000,2,2.0,260.0,1925.0,1
4,3,2130000,2,2.0,188.0,1925.0,1
2,1,400000,1,1.0,75.0,1960.0,0
3,2,1020000,2,2.0,171.0,1960.0,0
3,3,926000,2,2.0,140.0,1950.0,0
3,3,1070000,1,3.0,106.0,1970.0,0
2,1,801000,1,1.0,107.0,1994.0,0
3,2,1150000,2,1.0,3.0,2005.0,0
2,1,472000,1,1.0,68.0,2007.0,0
3,3,1300000,2,2.0,150.0,1950.0,1
4,3,1200000,2,2.0,154.0,2002.0,1
4,3,1650000,2,2.0,210.0,2005.0,1
4,3,2670000,2,1.0,235.0,1905.0,1
3,3,1480000,1,0.0,116.0,1960.0,1
1,1,348000,1,1.0,53.0,1950.0,0
3,1,1189000,1,1.0,122.0,1969.0,1
2,1,610000,2,1.0,82.0,2014.0,0
1,1,492000,1,1.0,63.0,1995.0,0
2,1,806000,1,1.0,64.0,1930.0,0
3,3,2000000,2,1.0,176.0,1940.0,1
2,1,753000,1,2.0,88.0,1960.0,0
1,1,330000,1,1.0,52.0,1970.0,0
3,3,1420000,1,0.0,108.0,1890.0,1
2,1,495000,1,1.0,60.0,2014.0,0
1,1,292000,1,0.0,56.0,1966.0,0
2,1,580000,1,1.0,76.0,2003.0,0
3,3,1300000,2,1.0,155.0,1938.0,1
3,3,1300000,1,0.0,90.0,1900.0,1
2,1,440000,1,1.0,52.0,1970.0,0
3,1,1000000,3,2.0,145.0,1999.0,0
3,3,1741000,1,1.0,109.0,1910.0,1
2,1,655000,1,1.0,78.0,1960.0,0
1,1,488000,1,1.0,57.0,2004.0,0
3,3,2065000,1,1.0,150.0,1910.0,1
1,1,350000,1,1.0,51.0,1960.0,0
3,3,1712000,1,1.0,130.0,1900.0,1
1,1,480000,1,1.0,50.0,1940.0,0
4,3,3225000,2,2.0,220.0,1890.0,1
1,1,400000,1,1.0,41.0,1950.0,0
4,1,1650000,2,3.0,180.0,2002.0,1
2,1,587500,1,1.0,72.0,1965.0,0
2,1,560000,1,1.0,70.0,2013.0,0
4,3,1936000,2,1.0,173.0,1890.0,1
3,1,630000,1,1.0,75.0,1970.0,0
3,3,1560000,2,0.0,148.0,1910.0,1
3,1,840000,2,2.0,88.0,2014.0,0
3,3,1780000,3,2.0,178.0,2011.0,1
2,1,815000,1,1.0,93.0,1940.0,0
3,1,1975000,2,1.0,196.0,2010.0,1
2,1,657500,1,1.0,73.0,1965.0,0
1,1,445000,1,1.0,52.0,1970.0,0
3,3,1180000,1,3.0,92.0,1900.0,0
2,1,470000,1,1.0,70.0,1970.0,0
2,1,485000,1,1.0,76.0,2005.0,0
3,3,1855000,1,1.0,125.0,1900.0,1
2,1,665000,1,3.0,70.0,1965.0,0
3,3,1551000,1,1.0,103.0,1890.0,1
2,1,612500,1,1.0,71.0,1960.0,0
3,3,2410000,2,0.0,171.0,1890.0,1
2,1,715000,1,1.0,82.0,2001.0,0
2,2,1055000,2,1.0,151.0,1975.0,0
4,3,1976000,2,2.0,275.0,1890.0,1
1,1,499000,1,1.0,56.0,1960.0,0
2,1,495000,1,1.0,85.0,1970.0,0
3,3,1400000,2,1.0,126.0,1890.0,1
1,1,370000,1,1.0,44.0,2014.0,0
2,1,627500,2,2.0,89.0,2000.0,0
2,3,1550000,1,1.0,97.0,1950.0,1
2,1,516000,1,1.0,76.0,1970.0,0
3,3,1340000,1,1.0,128.0,1920.0,1
3,3,1316000,1,2.0,126.0,1949.0,1
3,2,828000,2,1.0,118.0,2002.0,0
3,3,1055000,1,1.0,97.0,1930.0,0
2,1,623000,1,1.0,90.0,1970.0,0
4,3,2120000,2,2.0,315.0,1925.0,1
4,3,1745000,2,1.0,185.0,1925.0,1
4,3,1700000,2,2.0,180.0,1940.0,1
2,1,420000,1,1.0,70.0,2010.0,0
4,3,1337000,1,2.0,100.0,1930.0,1
2,1,455000,1,2.0,60.0,1960.0,0
2,1,400000,1,1.0,88.0,1975.0,0
3,3,1210000,1,2.0,122.0,1940.0,1
4,3,1167500,2,1.0,184.0,1950.0,0
3,2,900000,2,1.0,154.0,1975.0,0
2,1,520000,1,1.0,12.0,1960.0,0
2,1,610000,1,1.0,72.0,1968.0,0
3,1,882000,2,2.0,141.0,1950.0,0
2,3,1326000,1,2.0,80.0,1890.0,1
4,3,1950000,2,2.0,251.0,2000.0,1
4,3,2550000,2,2.0,220.0,1930.0,1
4,3,1910000,3,2.0,199.0,2016.0,1
3,3,1410000,1,2.0,127.0,1885.0,1
3,3,2310000,1,2.0,175.0,1920.0,1
4,3,2315000,2,0.0,183.0,1900.0,1
3,2,800000,2,2.0,97.0,1970.0,0
2,1,580000,1,1.0,90.0,1970.0,0
3,3,1905000,2,2.0,190.0,1910.0,1
2,1,478000,1,1.0,51.0,1970.0,0
2,1,672000,1,1.0,77.0,1966.0,0
4,3,2286000,3,2.0,237.0,1975.0,1
3,3,1575000,2,2.0,80.0,1940.0,1
2,1,590000,1,1.0,80.0,1975.0,0
4,3,1312000,2,1.0,180.0,1955.0,1
2,1,890000,2,1.0,87.0,1965.0,0
2,3,1331000,1,1.0,89.0,1940.0,1
4,3,1800000,2,2.0,187.0,1940.0,1
3,3,1476000,2,2.0,203.0,1997.0,1
4,3,2590000,2,2.0,215.0,1928.0,1
4,3,2625000,2,2.0,225.0,1890.0,1
4,3,2265000,1,1.0,242.0,1930.0,1
3,2,1330000,2,2.0,184.0,1995.0,1
3,3,1450000,2,2.0,204.0,1998.0,1
2,1,551000,1,2.0,86.0,1992.0,0
5,3,2425000,2,2.0,237.0,1890.0,1
2,1,610000,1,1.0,72.0,1968.0,0
3,1,955000,2,2.0,121.0,1980.0,0
2,2,707500,1,1.0,86.0,1992.0,0
3,2,732000,1,1.0,110.0,1980.0,0
2,3,2875000,1,1.0,90.0,1910.0,1
3,3,1500000,1,2.0,130.0,1941.0,1
4,3,1750000,3,2.0,230.0,2010.0,1
3,1,1100000,1,1.0,115.0,1935.0,0
3,3,1440000,1,1.0,130.0,1900.0,1
5,3,2600000,2,2.0,281.0,1959.0,1
3,1,620000,1,1.0,112.0,1970.0,0
5,3,2800000,2,3.0,241.0,1900.0,1
3,3,1420000,2,2.0,153.0,1999.0,1
3,3,1800000,2,1.0,139.0,1910.0,1
1,1,395000,1,1.0,55.0,2005.0,0
4,3,2250000,3,2.0,307.0,1890.0,1
4,3,2490000,2,2.0,14.0,1960.0,1
5,3,1950000,2,3.0,253.0,1940.0,1
2,1,605000,1,1.0,83.0,1960.0,0
3,3,1920000,1,2.0,152.0,1940.0,1
3,3,1615000,1,1.0,127.0,1933.0,1
4,3,1315000,2,2.0,200.0,1930.0,1
6,3,1300000,3,2.0,310.0,1968.0,1
4,3,1315000,2,2.0,200.0,1930.0,1
3,2,1620000,2,2.0,167.0,2012.0,1
3,3,2050000,2,1.0,180.0,1890.0,1
4,3,2400000,2,2.0,195.0,1890.0,1
3,3,2025000,2,2.0,105.0,1910.0,1
2,1,611000,1,1.0,68.0,2008.0,0
3,2,1390000,2,1.0,181.0,1995.0,1
3,3,2415000,1,3.0,128.0,1910.0,1
2,1,566000,1,1.0,80.0,1970.0,0
3,3,1437000,1,1.0,132.0,1910.0,1
2,2,500000,1,1.0,54.0,1970.0,0
2,3,1326000,1,0.0,100.0,1900.0,1
4,3,1965000,2,1.0,185.0,1890.0,1
2,1,740000,1,1.0,91.0,1967.0,0
5,3,2325000,3,2.0,233.0,2006.0,1
3,3,1970000,2,1.0,106.0,1910.0,1
2,3,1475000,1,1.0,95.0,2001.0,1
2,1,584000,1,1.0,74.0,1971.0,0
3,3,1490000,1,1.0,137.0,1910.0,1
3,3,1210000,2,1.0,146.0,1993.0,1
4,3,2355000,2,3.0,223.0,1915.0,1
2,3,1036000,1,1.0,102.0,1910.0,0
3,3,2273000,3,1.0,254.0,1930.0,1
5,3,2350000,2,2.0,327.0,1915.0,1
4,3,2200000,3,2.0,215.0,1920.0,1
2,1,790000,1,2.0,109.0,1970.0,0
4,3,1185000,2,2.0,180.0,1950.0,0
3,3,1837000,2,1.0,196.0,1920.0,1
3,2,1253000,2,1.0,135.0,1994.0,1
3,2,922000,2,2.0,138.0,2000.0,0
1,1,350000,1,1.0,117.0,1975.0,0
3,3,1555000,2,2.0,150.0,1950.0,1
4,3,2123000,3,2.0,254.0,1930.0,1
4,3,1700000,3,2.0,110.0,1930.0,1
2,3,1150000,1,2.0,119.0,1960.0,0
4,3,2001000,2,2.0,243.0,1910.0,1
3,3,1915000,2,2.0,126.0,1920.0,1
3,2,1135000,3,2.0,130.0,1988.0,0
4,2,1240000,2,2.0,180.0,1990.0,1
3,2,1120000,2,2.0,151.0,1990.0,0
3,3,1500000,1,2.0,165.0,1886.0,1
3,1,707500,1,1.0,83.0,1975.0,0
2,1,835000,1,1.0,118.0,1930.0,0
3,3,1870000,2,1.0,152.0,1930.0,1
4,3,1580000,2,1.0,260.0,1920.0,1
2,1,820000,2,1.0,104.0,2013.0,0
2,1,480000,1,1.0,74.0,1970.0,0
3,2,1370000,2,2.0,204.0,1960.0,1
3,3,1680000,2,2.0,201.0,1998.0,1
1,1,300000,1,1.0,42.0,2013.0,0
3,3,1100000,1,2.0,126.0,1960.0,0
1,1,373000,1,1.0,38.0,1965.0,0
4,2,2560000,3,2.0,337.0,2012.0,1
3,3,960000,2,1.0,114.0,1970.0,0
1,1,315000,1,1.0,46.0,1940.0,0
3,3,1297000,1,1.0,147.0,1948.0,1
3,2,1015000,2,2.0,134.0,2013.0,0
2,1,523000,1,1.0,62.0,1960.0,0
3,3,1335000,2,2.0,133.0,1965.0,1
2,1,425000,1,1.0,57.0,1997.0,0
3,3,1670000,2,1.0,155.0,1920.0,1
4,3,1350000,3,2.0,90.0,2010.0,1
3,3,1650000,1,2.0,114.0,1925.0,1
3,3,950000,1,1.0,132.0,1999.0,0
3,3,1782500,1,2.0,126.0,1950.0,1
2,2,650000,2,1.0,120.0,2015.0,0
3,3,2600000,1,1.0,133.0,1900.0,1
3,3,2350000,1,2.0,132.0,1900.0,1
2,1,535000,1,1.0,58.0,1930.0,0
2,1,700000,1,1.0,67.0,1970.0,0
4,3,3120000,2,1.0,100.0,1900.0,1
2,3,1025000,1,0.0,73.0,1910.0,0
2,3,1920000,1,0.0,82.0,1910.0,1
3,3,2623000,2,2.0,212.0,2010.0,1
3,3,1500000,2,1.0,165.0,1880.0,1
2,3,1630000,1,0.0,113.0,1915.0,1
3,3,1910000,1,3.0,125.0,1900.0,1
3,3,1224000,1,3.0,143.0,1960.0,1
3,3,1000000,2,2.0,150.0,1970.0,0
1,1,380500,1,1.0,51.0,1990.0,0
4,3,930000,3,2.0,4.0,1960.0,0
3,3,1090000,2,2.0,160.0,1960.0,0
4,3,947500,2,2.0,16.0,1960.0,0
3,3,1417250,2,2.0,180.0,1950.0,1
3,3,980000,1,2.0,119.0,1960.0,0
2,3,950000,1,3.0,75.0,1950.0,0
4,3,1140000,2,1.0,242.0,2015.0,0
3,2,750000,2,1.0,123.0,2010.0,0
4,3,1200000,2,1.0,214.0,1955.0,1
3,3,987000,1,1.0,112.0,1960.0,0
3,3,937000,2,1.0,104.0,1960.0,0
4,3,1426000,2,1.0,218.0,1950.0,1
4,3,1016000,3,2.0,188.0,2000.0,0
3,3,901000,2,3.0,133.0,1955.0,0
4,3,1300000,3,2.0,171.0,1973.0,1
3,3,975000,1,2.0,121.0,1940.0,0
4,3,1070000,2,1.0,140.0,1955.0,0
2,1,639000,1,1.0,79.0,1960.0,0
2,1,605000,1,2.0,68.0,1980.0,0
3,3,960000,1,1.0,115.0,1960.0,0
3,3,725000,2,1.0,137.0,1950.0,0
3,3,800000,2,2.0,107.0,1990.0,0
3,2,917000,2,2.0,152.0,2001.0,0
3,3,890000,1,1.0,114.0,1960.0,0
3,3,1008000,2,1.0,160.0,1960.0,0
2,3,1191000,1,2.0,97.0,1950.0,1
2,3,776000,1,1.0,101.0,2002.0,0
4,3,1035000,1,2.0,161.0,1950.0,0
4,3,1160000,2,2.0,199.0,2011.0,0
1,1,240000,1,1.0,43.0,1970.0,0
4,2,1105000,2,2.0,187.0,2015.0,0
3,3,1150000,2,1.0,134.0,1990.0,0
3,3,985000,1,0.0,167.0,1890.0,0
3,1,1200000,2,2.0,139.0,2012.0,1
3,3,2200000,2,0.0,280.0,1863.0,1
4,3,2105000,2,3.0,181.0,1940.0,1
2,1,550000,1,1.0,57.0,2012.0,0
4,3,1915000,3,1.0,237.0,1935.0,1
3,3,1630000,2,2.0,135.0,1997.0,1
2,3,1000000,2,0.0,108.0,1890.0,0
3,3,1470000,1,0.0,109.0,1880.0,1
2,1,725000,2,2.0,87.0,2010.0,0
2,3,1234500,1,0.0,185.0,1960.0,1
2,1,600000,1,1.0,74.0,2005.0,0
3,3,1342000,2,2.0,137.0,1900.0,1
1,1,500000,1,1.0,60.0,2006.0,0
2,1,795000,2,1.0,84.0,2013.0,0
2,1,590000,2,1.0,70.0,2012.0,0
2,1,1100000,2,1.0,110.0,2006.0,0
2,3,1275000,2,1.0,115.0,2015.0,1
2,3,1000000,1,1.0,106.0,2007.0,0
4,3,1820000,2,1.0,158.0,1900.0,1
2,1,655000,2,1.0,83.0,2000.0,0
2,3,1350000,1,1.0,94.0,1900.0,1
3,3,1560000,2,2.0,131.0,1900.0,1
2,3,1060000,1,0.0,70.0,1910.0,0
2,1,1610000,2,2.0,104.0,2007.0,1
2,3,1101000,1,0.0,71.0,1910.0,0
2,3,880000,1,2.0,83.0,1980.0,0
2,3,1080000,1,0.0,70.0,1910.0,0
2,3,1115000,1,0.0,76.0,1900.0,0
2,1,516000,1,1.0,70.0,2004.0,0
3,3,1753000,2,1.0,153.0,1910.0,1
2,3,900000,1,0.0,70.0,1900.0,0
5,3,2350000,1,2.0,173.0,1890.0,1
3,3,1670000,2,1.0,169.0,1880.0,1
3,3,1402000,1,0.0,106.0,1900.0,1
3,3,1570000,2,1.0,211.0,1999.0,1
2,3,1150000,1,0.0,90.0,1910.0,0
3,3,1384000,1,0.0,100.0,1905.0,1
2,1,655000,1,1.0,86.0,2006.0,0
1,1,456000,1,1.0,63.0,2007.0,0
2,1,520000,1,1.0,70.0,2005.0,0
1,1,470000,1,1.0,62.0,2000.0,0
2,1,600000,1,1.0,72.0,1996.0,0
2,1,670000,1,1.0,71.0,2006.0,0
2,3,1400000,1,1.0,102.0,1934.0,1
3,3,1520000,2,1.0,160.0,2016.0,1
1,1,600000,1,1.0,63.0,2010.0,0
3,1,2460000,2,2.0,102.0,1995.0,1
3,2,950000,2,2.0,134.0,2012.0,0
3,3,1350000,1,1.0,138.0,1990.0,1
2,1,735000,1,1.0,100.0,2000.0,0
1,1,400000,1,1.0,64.0,2000.0,0
2,1,900000,1,2.0,94.0,1997.0,0
4,3,2160000,3,2.0,230.0,1960.0,1
3,3,1380000,1,0.0,134.0,1890.0,1
3,3,1080000,1,2.0,95.0,1910.0,0
1,1,342000,1,1.0,34.0,1960.0,0
2,3,950000,1,1.0,121.0,2000.0,0
2,1,781000,1,1.0,73.0,1930.0,0
1,1,549800,1,1.0,51.0,2012.0,0
1,1,492000,1,1.0,45.0,1888.0,0
1,1,500500,1,1.0,64.0,1945.0,0
3,1,1400000,2,2.0,136.0,1920.0,1
3,1,685000,2,1.0,92.0,1996.0,0
3,1,710000,1,1.0,114.0,1900.0,0
1,1,330000,1,1.0,51.0,1970.0,0
3,2,1245000,2,1.0,134.0,2000.0,1
2,3,1182500,1,0.0,72.0,1900.0,0
2,3,1303000,1,0.0,160.0,1900.0,1
1,1,482500,1,1.0,50.0,1970.0,0
2,1,585000,1,1.0,87.0,1960.0,0
2,3,1106000,1,1.0,135.0,2005.0,0
2,3,1590000,1,2.0,107.0,1930.0,1
2,3,1055000,1,0.0,85.0,1900.0,0
3,3,1100000,1,1.0,99.0,2001.0,0
2,1,530000,1,1.0,76.0,1888.0,0
2,3,1500000,1,2.0,108.0,1930.0,1
2,1,841000,2,1.0,101.0,1850.0,0
2,1,570000,1,1.0,78.0,2004.0,0
2,1,560000,1,1.0,71.0,2000.0,0
2,3,815000,1,0.0,71.0,1880.0,0
2,3,910000,1,1.0,71.0,1930.0,0
3,2,1450000,2,3.0,98.0,1995.0,1
2,2,1540000,2,1.0,104.0,1945.0,1
3,3,1811000,2,1.0,125.0,1890.0,1
2,3,1180000,1,0.0,215.0,1900.0,0
3,3,1720000,2,2.0,200.0,1999.0,1
3,3,1050000,2,1.0,130.0,1995.0,0
2,3,1582000,1,0.0,122.0,1915.0,1
2,1,681000,2,1.0,95.0,1995.0,0
2,3,1305000,1,1.0,79.0,1900.0,1
3,3,1255000,1,1.0,124.0,1910.0,1
3,3,2180000,2,2.0,153.0,1890.0,1
3,3,1720000,2,1.0,163.0,1900.0,1
3,3,1220000,2,1.0,100.0,1900.0,1
3,3,1612000,2,0.0,139.0,1900.0,1
2,1,593000,2,1.0,83.0,2012.0,0
3,3,1600000,2,1.0,93.0,1890.0,1
4,3,1620000,2,0.0,153.0,1890.0,1
3,3,1270000,1,0.0,104.0,1900.0,1
3,3,2633000,1,0.0,119.0,1900.0,1
3,3,1405000,1,1.0,117.0,1880.0,1
4,3,2260000,3,0.0,232.0,1856.0,1
3,3,1595000,2,0.0,126.0,1890.0,1
2,1,595000,1,1.0,76.0,2004.0,0
2,1,490000,1,1.0,56.0,2013.0,0
3,3,1250000,2,0.0,113.0,1890.0,1
4,3,2180000,3,1.0,153.0,1860.0,1
2,3,930000,1,0.0,76.0,1900.0,0
3,3,1200000,2,0.0,120.0,1910.0,1
3,3,2000000,2,1.0,141.0,1890.0,1
2,3,2000000,2,1.0,150.0,1900.0,1
2,1,1050000,2,2.0,122.0,2001.0,0
3,3,1250000,2,1.0,125.0,1890.0,1
3,3,1650000,2,0.0,195.0,1890.0,1
2,1,561000,1,1.0,78.0,2001.0,0
3,3,1825000,2,2.0,153.0,1900.0,1
2,3,1200000,2,1.0,79.0,1890.0,1
3,3,1390000,2,1.0,138.0,1998.0,1
4,3,1615000,3,2.0,220.0,2009.0,1
3,2,1185000,2,1.0,3.0,1960.0,0
3,3,2300000,2,2.0,260.0,1877.0,1
3,1,742000,2,2.0,90.0,2003.0,0
3,3,2075000,2,0.0,163.0,1890.0,1
2,1,722000,1,1.0,86.0,2003.0,0
2,1,850000,2,2.0,86.0,2014.0,0
3,1,1230000,2,2.0,138.0,1998.0,1
2,1,535000,1,1.0,64.0,1970.0,0
2,1,990000,2,2.0,38.0,2015.0,0
2,1,695000,1,0.0,79.0,1930.0,0
2,1,775000,1,1.0,103.0,2000.0,0
2,1,572000,1,1.0,73.0,1960.0,0
3,2,1460000,2,1.0,148.0,1990.0,1
2,1,623500,1,1.0,75.0,1970.0,0
1,1,409000,1,1.0,45.0,1970.0,0
3,2,1250000,2,1.0,118.0,2003.0,1
2,1,659000,1,1.0,77.0,1940.0,0
2,1,780000,1,1.0,75.0,1960.0,0
2,3,1455000,1,0.0,94.0,1890.0,1
1,1,360500,1,1.0,44.0,1960.0,0
2,1,1300000,2,2.0,107.0,1986.0,1
2,1,1300000,2,1.0,107.0,1980.0,1
1,1,955000,1,1.0,85.0,1960.0,0
1,1,380000,1,1.0,41.0,1980.0,0
1,1,515000,1,1.0,44.0,1970.0,0
3,3,2695000,2,1.0,200.0,1910.0,1
1,1,360000,1,1.0,46.0,1960.0,0
1,1,310000,1,1.0,40.0,1950.0,0
2,1,627500,1,1.0,85.0,1970.0,0
1,1,425000,1,1.0,56.0,2007.0,0
1,1,330000,1,1.0,47.0,1970.0,0
2,1,693000,1,1.0,64.0,1960.0,0
3,3,2285000,2,2.0,135.0,1890.0,1
3,3,3000000,3,2.0,175.0,1890.0,1
2,1,515000,1,1.0,65.0,2013.0,0
2,1,600000,1,2.0,72.0,1970.0,0
4,3,2600000,2,2.0,127.0,1880.0,1
1,1,320000,1,0.0,47.0,1970.0,0
1,1,400000,1,1.0,45.0,1960.0,0
3,3,1810000,1,1.0,18.0,1906.0,1
1,1,567500,1,1.0,56.0,1970.0,0
1,1,540000,1,1.0,53.0,1930.0,0
3,2,2010000,2,1.0,207.0,2016.0,1
3,3,1945000,2,1.0,148.0,1890.0,1
3,3,906000,1,0.0,88.0,1920.0,0
1,1,367000,1,0.0,42.0,1950.0,0
2,3,1130000,1,1.0,77.0,1900.0,0
2,1,500000,1,1.0,73.0,1980.0,0
1,1,310000,1,1.0,37.0,1970.0,0
2,3,1100000,1,0.0,81.0,1930.0,0
1,1,410000,1,0.0,48.0,1960.0,0
3,3,1125000,1,0.0,89.0,1910.0,0
2,1,840000,2,1.0,92.0,2002.0,0
3,3,1400000,2,2.0,172.0,2005.0,1
2,1,680500,1,1.0,70.0,1970.0,0
1,1,280000,1,0.0,35.0,1910.0,0
2,1,520000,1,1.0,62.0,1890.0,0
2,3,1200000,1,0.0,84.0,1940.0,1
2,1,480000,1,1.0,61.0,1965.0,0
3,3,2200000,2,0.0,238.0,1915.0,1
3,3,1700000,1,1.0,172.0,1894.0,1
2,3,1200000,1,1.0,86.0,1900.0,1
3,3,1540000,2,1.0,140.0,2003.0,1
2,1,826000,1,1.0,79.0,1970.0,0
3,3,1700000,2,1.0,148.0,1990.0,1
2,1,505000,1,1.0,72.0,1969.0,0
3,1,720000,1,1.0,106.0,1993.0,0
3,1,868000,2,1.0,114.0,1995.0,0
2,1,590000,1,1.0,75.0,1960.0,0
2,1,530000,1,1.0,84.0,2003.0,0
2,1,650000,2,1.0,110.0,2000.0,0
4,1,990000,3,1.0,172.0,1995.0,0
2,1,592500,2,1.0,100.0,2000.0,0
2,1,600000,2,1.0,99.0,1995.0,0
1,1,455000,1,0.0,70.0,2007.0,0
4,1,1250000,3,1.0,176.0,2000.0,1
1,1,425000,1,1.0,57.0,2004.0,0
3,1,740000,2,1.0,105.0,1994.0,0
2,1,660000,1,1.0,77.0,2000.0,0
2,1,622500,2,1.0,67.0,2013.0,0
2,1,800000,2,2.0,73.0,2014.0,0
2,1,540000,2,1.0,93.0,1994.0,0
1,1,370000,1,1.0,51.0,2000.0,0
3,1,720000,2,1.0,112.0,1960.0,0
1,1,380000,1,1.0,50.0,1960.0,0
2,1,430000,1,1.0,71.0,1970.0,0
2,1,602000,1,0.0,66.0,1930.0,0
2,1,575000,1,1.0,75.0,1970.0,0
2,1,495000,1,1.0,74.0,1970.0,0
2,1,500000,1,1.0,70.0,2001.0,0
3,3,1891000,2,3.0,123.0,1915.0,1
4,3,2000000,2,3.0,160.0,1910.0,1
3,1,1500000,1,1.0,176.0,1920.0,1
3,3,2000000,2,2.0,192.0,1880.0,1
1,1,500000,1,1.0,58.0,2002.0,0
2,1,685000,2,2.0,102.0,1999.0,0
1,1,380000,1,1.0,49.0,1967.0,0
3,1,616000,2,2.0,115.0,1995.0,0
1,1,400000,1,1.0,53.0,1998.0,0
1,1,451000,1,1.0,41.0,2009.0,0
3,2,1400000,2,2.0,183.0,2002.0,1
1,1,459000,1,1.0,59.0,1995.0,0
2,1,520000,1,1.0,55.0,1950.0,0
1,1,370500,1,1.0,46.0,1960.0,0
1,1,385000,1,1.0,53.0,2005.0,0
3,3,1900000,2,2.0,122.0,1979.0,1
2,1,390000,1,1.0,73.0,2000.0,0
1,1,500000,1,1.0,57.0,2001.0,0
2,1,690000,1,0.0,100.0,1960.0,0
1,1,430000,1,1.0,63.0,2000.0,0
1,1,392000,1,1.0,43.0,2002.0,0
4,3,1900000,2,2.0,202.0,1890.0,1
2,1,540000,1,1.0,70.0,2003.0,0
2,1,475000,1,1.0,83.0,1970.0,0
2,1,570000,2,1.0,70.0,2000.0,0
2,1,400000,1,1.0,65.0,1970.0,0
3,3,920000,2,2.0,134.0,2000.0,0
2,1,503500,1,1.0,72.0,1940.0,0
2,1,580000,1,0.0,95.0,1930.0,0
3,2,1295000,2,2.0,200.0,2000.0,1
2,1,481000,1,1.0,61.0,1966.0,0
3,3,1120000,2,2.0,133.0,2006.0,0
1,1,400000,1,1.0,52.0,2012.0,0
1,1,1210000,1,1.0,49.0,1970.0,1
2,1,785000,2,2.0,98.0,2006.0,0
1,1,450000,1,1.0,61.0,2009.0,0
2,3,875000,1,1.0,68.0,1900.0,0
2,1,650000,1,0.0,70.0,1930.0,0
2,1,431000,1,1.0,71.0,1940.0,0
2,1,385000,1,1.0,46.0,1970.0,0
2,1,575000,2,1.0,78.0,2013.0,0
2,1,535000,1,1.0,70.0,1930.0,0
2,3,1200500,1,0.0,83.0,1915.0,1
2,1,565000,2,1.0,76.0,2013.0,0
2,1,520000,1,1.0,63.0,1980.0,0
2,1,902000,1,0.0,108.0,1920.0,0
3,1,1600000,2,2.0,3.0,1850.0,1
2,1,750000,2,1.0,105.0,2009.0,0
2,3,1365000,1,1.0,123.0,1910.0,1
4,3,1950000,2,2.0,211.0,1880.0,1
3,3,1678000,2,2.0,171.0,2016.0,1
2,1,400000,1,1.0,67.0,1970.0,0
2,1,500000,2,2.0,104.0,2000.0,0
2,1,760000,1,0.0,95.0,1930.0,0
2,1,580000,1,1.0,102.0,1995.0,0
2,1,430000,1,1.0,63.0,2008.0,0
2,1,1100000,1,2.0,141.0,1920.0,0
1,1,435000,1,1.0,69.0,1995.0,0
1,1,354000,1,1.0,46.0,1960.0,0
4,3,2440000,3,2.0,264.0,1930.0,1
3,2,1110000,2,2.0,129.0,1970.0,0
4,3,2128000,3,2.0,312.0,2000.0,1
5,3,2200000,3,2.0,235.0,1920.0,1
2,1,640000,1,1.0,76.0,1970.0,0
3,3,1700000,1,1.0,180.0,1930.0,1
4,3,2500000,2,2.0,256.0,1920.0,1
2,3,1018000,1,2.0,15.0,1960.0,0
4,3,2200000,2,2.0,272.0,1920.0,1
4,3,2860000,2,2.0,264.0,2014.0,1
4,3,1930000,2,2.0,218.0,1950.0,1
4,3,1812500,2,2.0,230.0,1920.0,1
2,1,760000,1,1.0,80.0,1968.0,0
4,3,1300000,2,2.0,198.0,1950.0,1
3,3,1960000,2,2.0,173.0,1930.0,1
3,1,880000,1,2.0,110.0,1970.0,0
3,3,1755000,2,2.0,159.0,1970.0,1
4,3,1700000,1,1.0,143.0,1900.0,1
5,3,1975000,2,2.0,286.0,2001.0,1
2,1,610000,1,1.0,78.0,1970.0,0
4,3,1850000,2,2.0,292.0,1970.0,1
4,3,2050000,2,2.0,293.0,1910.0,1
5,3,2100000,2,2.0,277.0,1915.0,1
3,3,1150000,2,1.0,145.0,2005.0,0
2,2,770500,2,1.0,92.0,1997.0,0
2,1,600000,1,1.0,105.0,1975.0,0
4,3,2125000,2,2.0,239.0,1927.0,1
2,1,656000,1,1.0,76.0,1970.0,0
5,3,1518000,2,1.0,231.0,1950.0,1
3,3,1560000,2,1.0,209.0,2013.0,1
3,2,865000,1,1.0,101.0,1970.0,0
3,3,2300000,2,1.0,219.0,1920.0,1
2,1,600000,1,2.0,80.0,1985.0,0
3,3,2180000,1,2.0,128.0,1910.0,1
3,3,1251000,2,1.0,211.0,1930.0,1
6,3,1650000,3,2.0,295.0,1928.0,1
4,3,1835000,2,2.0,185.0,1930.0,1
2,1,778500,1,1.0,78.0,1960.0,0
3,3,1435000,1,0.0,135.0,1943.0,1
3,3,1689000,1,0.0,118.0,1920.0,1
3,1,1100000,2,1.0,126.0,1935.0,0
2,1,925000,2,2.0,109.0,1970.0,0
2,1,450000,1,1.0,62.0,1970.0,0
1,1,349000,1,1.0,38.0,1958.0,0
3,2,2650000,3,2.0,291.0,2000.0,1
3,3,2820000,2,2.0,205.0,1967.0,1
2,1,810000,2,2.0,94.0,1980.0,0
3,2,2700000,2,2.0,220.0,2010.0,1
1,1,541000,1,1.0,57.0,1970.0,0
3,2,1550000,2,2.0,214.0,2000.0,1
3,1,2205000,2,2.0,185.0,2014.0,1
3,1,950000,1,1.0,107.0,1960.0,0
1,1,366000,1,1.0,35.0,1967.0,0
4,3,2620000,2,2.0,286.0,1925.0,1
3,3,1900000,2,1.0,139.0,1900.0,1
2,1,690000,1,1.0,83.0,1960.0,0
1,1,460000,1,1.0,7.0,1960.0,0
2,1,511000,1,2.0,68.0,1970.0,0
3,2,910000,2,2.0,136.0,1980.0,0
3,3,2250000,3,2.0,205.0,1930.0,1
2,1,525000,1,1.0,82.0,1950.0,0
2,1,580000,2,1.0,78.0,2012.0,0
2,1,611000,1,1.0,75.0,1940.0,0
2,1,800000,1,1.0,92.0,1930.0,0
1,1,275000,1,1.0,44.0,1970.0,0
3,3,1540000,2,1.0,147.0,2000.0,1
3,3,1370000,1,2.0,112.0,1900.0,1
1,1,452000,1,1.0,46.0,1974.0,0
1,1,501000,1,1.0,51.0,2005.0,0
2,1,380000,1,1.0,71.0,1970.0,0
2,3,1177000,2,2.0,122.0,2000.0,0
2,1,600000,1,1.0,83.0,1970.0,0
2,3,1500000,1,2.0,96.0,1928.0,1
3,1,830000,2,2.0,112.0,2000.0,0
2,1,1200000,2,1.0,111.0,2007.0,1
2,1,600000,1,1.0,96.0,1970.0,0
2,1,474000,1,1.0,66.0,1985.0,0
2,3,1350000,1,1.0,101.0,1900.0,1
3,3,1910000,3,1.0,89.0,1890.0,1
3,3,1865000,2,2.0,120.0,1950.0,1
5,3,1700000,3,2.0,203.0,1920.0,1
3,3,1450000,2,2.0,176.0,1915.0,1
3,2,1110000,2,2.0,169.0,2005.0,0
4,3,3100000,2,2.0,232.0,1907.0,1
2,1,555000,1,1.0,69.0,1970.0,0
3,3,1700000,2,1.0,228.0,1980.0,1
2,3,1585000,1,2.0,102.0,1935.0,1
3,1,935000,2,1.0,107.0,1975.0,0
2,1,460000,1,1.0,55.0,1967.0,0
4,3,2800000,1,2.0,171.0,1940.0,1
2,1,573000,1,1.0,60.0,1970.0,0
2,1,680000,1,1.0,110.0,1945.0,0
5,3,2250000,2,2.0,319.0,1902.0,1
4,3,2381000,2,2.0,166.0,1900.0,1
4,2,1738000,3,2.0,241.0,2002.0,1
3,1,735000,1,1.0,95.0,1970.0,0
3,3,1420000,1,2.0,130.0,1910.0,1
2,1,400000,1,1.0,60.0,1965.0,0
2,3,1335000,1,0.0,70.0,1900.0,1
3,3,1825000,2,2.0,120.0,1950.0,1
2,1,840000,1,1.0,99.0,1969.0,0
2,1,444000,1,1.0,68.0,1970.0,0
3,3,1320000,2,1.0,162.0,1890.0,1
3,3,1890000,1,2.0,173.0,1880.0,1
4,3,2450000,2,1.0,172.0,1905.0,1
3,2,1590000,2,2.0,181.0,2010.0,1
4,3,2450000,3,2.0,316.0,1955.0,1
2,1,706000,1,1.0,90.0,1960.0,0
5,3,2500000,3,3.0,240.0,1925.0,1
4,3,2350000,2,2.0,220.0,1900.0,1
2,3,1385000,1,2.0,113.0,1940.0,1
2,1,655250,1,1.0,69.0,1970.0,0
6,3,1666000,2,0.0,198.0,1900.0,1
1,1,430000,1,1.0,58.0,1950.0,0
2,1,505000,1,1.0,78.0,1965.0,0
3,3,1650000,1,1.0,115.0,1900.0,1
1,1,371000,1,0.0,44.0,1970.0,0
3,3,1625000,2,1.0,115.0,1890.0,1
3,3,975000,1,1.0,120.0,1990.0,0
4,2,1100000,3,2.0,160.0,1990.0,0
3,2,1160000,2,2.0,172.0,2000.0,0
3,3,820000,1,1.0,107.0,1925.0,0
2,1,740000,1,1.0,89.0,1980.0,0
3,1,975000,2,1.0,109.0,1975.0,0
3,3,1060000,1,2.0,130.0,1957.0,0
2,1,680000,1,2.0,94.0,1975.0,0
2,1,825000,1,1.0,86.0,1960.0,0
3,3,1430000,1,2.0,163.0,1960.0,1
3,3,1370000,2,2.0,168.0,1954.0,1
2,1,605000,2,2.0,72.0,2013.0,0
4,3,1610000,2,2.0,167.0,1920.0,1
1,1,256500,1,1.0,37.0,1966.0,0
5,3,1300000,2,2.0,223.0,1960.0,1
3,1,835000,1,1.0,104.0,1975.0,0
2,3,861500,2,1.0,125.0,2004.0,0
2,1,500000,2,1.0,70.0,2013.0,0
4,3,1400000,2,2.0,178.0,1955.0,1
2,1,603000,1,1.0,92.0,1960.0,0
3,3,1100000,2,2.0,169.0,1950.0,0
1,1,291000,1,1.0,44.0,1960.0,0
3,3,1090000,2,2.0,138.0,1960.0,0
4,3,1800000,2,2.0,267.0,2003.0,1
2,2,745500,1,1.0,110.0,1980.0,0
3,3,1401000,2,2.0,150.0,1950.0,1
4,3,2250000,1,2.0,235.0,1985.0,1
4,3,1715000,2,2.0,226.0,1922.0,1
1,1,250000,1,1.0,36.0,1960.0,0
4,3,1918000,2,1.0,162.0,1920.0,1
3,1,900000,1,1.0,91.0,1990.0,0
3,3,1770000,2,2.0,142.0,1950.0,1
3,2,1250000,2,2.0,188.0,2000.0,1
3,1,822500,2,3.0,93.0,1970.0,0
2,3,810000,1,1.0,90.0,1996.0,0
3,3,1322000,1,1.0,156.0,1940.0,1
4,3,1845000,3,1.0,189.0,1939.0,1
3,3,1535000,1,2.0,140.0,1935.0,1
4,3,2005000,2,2.0,193.0,1935.0,1
3,1,932000,2,1.0,92.0,1997.0,0
4,3,1500000,2,2.0,153.0,1970.0,1
4,3,1390000,2,2.0,158.0,1937.0,1
3,3,940000,1,1.0,124.0,1940.0,0
1,1,296000,1,1.0,36.0,1970.0,0
2,1,475000,1,1.0,52.0,2011.0,0
3,1,820000,2,1.0,127.0,1998.0,0
3,1,940000,2,1.0,137.0,1998.0,0
3,3,1470000,2,2.0,163.0,1980.0,1
2,1,430000,1,1.0,69.0,1970.0,0
1,1,362000,1,1.0,44.0,2010.0,0
2,1,410000,1,1.0,65.0,1970.0,0
2,3,1177000,1,2.0,105.0,1930.0,0
2,1,617500,1,1.0,91.0,1970.0,0
2,1,479500,1,1.0,92.0,1960.0,0
2,1,405000,1,1.0,68.0,1970.0,0
3,3,1160000,1,2.0,137.0,1930.0,0
3,3,1330000,2,1.0,176.0,1930.0,1
2,2,635000,2,1.0,2.0,1960.0,0
2,2,636500,1,1.0,68.0,1970.0,0
5,3,2575000,3,2.0,347.0,1910.0,1
2,2,710000,1,1.0,78.0,1970.0,0
2,1,640000,1,1.0,110.0,1970.0,0
2,3,305000,1,1.0,80.0,1960.0,0
2,1,400000,1,1.0,87.0,2004.0,0
3,3,880000,1,1.0,118.0,1925.0,0
3,3,1045000,1,2.0,107.0,1950.0,0
3,1,690000,1,2.0,103.0,1930.0,0
3,3,1050000,2,2.0,146.0,1970.0,0
3,3,865000,1,2.0,140.0,1950.0,0
3,3,1033000,1,2.0,115.0,1975.0,0
2,3,750000,2,2.0,138.0,1950.0,0
3,3,1025000,1,2.0,139.0,1940.0,0
3,1,633500,2,2.0,95.0,1930.0,0
4,3,1180000,1,2.0,183.0,1965.0,0
3,3,1225000,1,2.0,112.0,1930.0,1
5,3,1600000,3,2.0,305.0,2015.0,1
2,2,755000,2,1.0,111.0,2005.0,0
2,1,520000,1,1.0,74.0,1971.0,0
2,1,800000,2,2.0,128.0,1960.0,0
5,3,1335000,2,1.0,208.0,1915.0,1
3,3,1250000,2,2.0,193.0,2004.0,1
2,1,393000,1,1.0,65.0,1970.0,0
2,1,440000,1,1.0,75.0,1960.0,0
2,1,595000,1,1.0,75.0,1960.0,0
4,3,2200000,3,3.0,230.0,2010.0,1
3,3,1700000,1,1.0,116.0,1910.0,1
1,1,1100000,1,1.0,64.0,1888.0,0
3,3,2150000,1,1.0,85.0,1890.0,1
2,3,1190000,1,0.0,70.0,1915.0,1
2,1,480000,1,1.0,66.23,1960.0,0
2,1,852000,1,1.0,74.0,1980.0,0
1,1,405000,1,0.0,48.0,1966.0,0
2,3,1495000,1,2.0,95.0,1950.0,1
2,1,822000,1,1.0,59.0,1970.0,0
3,1,890000,2,2.0,130.0,2006.0,0
2,3,1900000,1,2.0,130.0,1955.0,1
3,1,700000,1,1.0,120.0,1950.0,0
4,3,1890000,3,2.0,227.0,1960.0,1
4,3,1725000,3,2.0,213.0,1970.0,1
3,2,1375000,3,2.0,194.0,2012.0,1
2,1,725000,1,1.0,115.0,2006.0,0
4,3,1515000,3,2.0,200.0,1950.0,1
3,3,986000,1,3.0,100.0,1950.0,0
3,2,1225000,2,2.0,180.0,2008.0,1
3,3,810000,1,1.0,105.0,1950.0,0
2,1,535000,1,1.0,68.11,1970.0,0
4,3,1292000,1,2.0,161.0,1950.0,1
3,3,1165000,1,2.0,158.0,1960.0,0
3,3,959000,2,2.0,119.0,1960.0,0
3,3,2575000,2,2.0,195.0,1920.0,1
3,3,2225000,2,2.0,167.0,1980.0,1
2,2,975000,1,1.0,182.0,1915.0,0
2,1,520000,1,1.0,73.0,2004.0,0
4,3,2000000,2,2.0,283.0,1999.0,1
3,2,1990000,2,2.0,189.0,1935.0,1
3,1,1221000,2,2.0,109.0,1975.0,1
5,3,2140000,2,2.0,206.0,1950.0,1
3,3,1635000,1,1.0,131.0,1925.0,1
4,2,1700000,3,2.0,118.0,1950.0,1
5,3,1900000,3,2.0,271.0,2009.0,1
3,2,972000,2,1.0,160.0,2000.0,0
6,3,1591000,2,2.0,209.0,1950.0,1
3,2,975000,2,2.0,150.0,2012.0,0
2,3,870000,1,1.0,160.0,1960.0,0
2,3,1815000,1,1.0,196.0,1960.0,1
4,3,1601000,2,1.0,165.0,1940.0,1
5,3,1225000,1,2.0,182.0,1960.0,1
3,3,1930000,1,2.0,116.0,1920.0,1
4,3,2216000,2,0.0,176.0,1930.0,1
4,3,2110000,1,3.0,150.0,1910.0,1
2,3,1900000,1,3.0,134.3,1960.0,1
3,3,1620000,2,2.0,155.0,2000.0,1
3,3,1905000,1,2.0,145.0,1890.0,1
4,3,2990000,2,2.0,280.0,1997.0,1
3,1,835000,1,1.0,85.0,1960.0,0
2,1,635000,1,1.0,73.0,1980.0,0
1,1,305000,1,1.0,46.0,1960.0,0
3,3,1200000,2,2.0,156.0,1930.0,1
3,1,945000,1,2.0,100.0,1987.0,0
4,3,1667000,2,2.0,193.0,1920.0,1
1,1,330000,1,1.0,46.0,1960.0,0
3,1,577000,1,1.0,84.0,1965.0,0
1,1,305000,1,1.0,43.0,1965.0,0
2,1,742500,2,1.0,85.0,2011.0,0
2,1,630000,1,1.0,71.0,2003.0,0
3,3,1350000,2,1.0,129.0,1925.0,1
2,1,490000,1,1.0,61.0,1960.0,0
3,1,701000,2,2.0,112.0,2000.0,0
3,2,905000,1,2.0,132.0,1955.0,0
3,1,988000,2,2.0,124.0,2008.0,0
3,2,820000,2,2.0,115.0,2012.0,0
1,1,260000,1,1.0,44.0,1965.0,0
3,3,1452000,2,2.0,184.0,1997.0,1
3,3,1800000,1,3.0,138.0,1950.0,1
3,2,1253000,2,2.0,131.0,1995.0,1
4,3,1760000,3,3.0,160.0,1940.0,1
3,3,1601000,1,2.0,102.0,1930.0,1
2,1,910000,1,1.0,97.0,1970.0,0
2,2,837000,2,1.0,92.0,2007.0,0
4,3,2500000,3,2.0,317.0,2008.0,1
2,1,860000,1,1.0,90.0,1962.0,0
3,3,1700000,1,2.0,132.0,1910.0,1
1,1,440000,1,1.0,51.0,1960.0,0
1,1,535000,1,1.0,50.0,2006.0,0
2,1,635000,1,1.0,78.0,1960.0,0
1,1,317500,1,0.0,55.0,1957.0,0
1,1,360000,1,1.0,77.5,1965.0,0
2,3,1800000,1,0.0,106.0,1900.0,1
1,1,275000,1,0.0,30.0,1970.0,0
3,3,1525000,1,0.0,134.0,1905.0,1
2,1,560000,1,0.0,82.3,1960.0,0
3,2,1264000,2,2.0,187.0,2010.0,1
4,3,2425000,2,2.0,278.0,1960.0,1
3,3,1405000,2,2.0,185.0,1985.0,1
3,3,2102000,2,1.0,126.0,1960.0,1
2,1,555000,1,2.0,64.0,1970.0,0
3,2,752000,2,2.0,102.0,1980.0,0
3,2,690000,1,2.0,3.0,1872.0,0
4,3,2600000,2,0.0,186.36,1920.0,1
2,1,820000,1,1.0,95.0,1960.0,0
3,2,835000,2,2.0,147.2,2007.0,0
2,1,590000,1,1.0,70.0,1970.0,0
3,3,1402000,2,2.0,120.0,1950.0,1
1,1,365000,1,1.0,46.0,1960.0,0
3,3,2250000,2,2.0,191.0,2010.0,1
3,3,2250000,1,2.0,170.0,1950.0,1
4,3,3200000,2,2.0,214.0,1910.0,1
3,3,2020000,2,2.0,196.0,1915.0,1
2,1,1211000,1,1.0,99.0,1970.0,1
4,3,1380000,2,2.0,178.0,2007.0,1
4,3,1715157,3,2.0,160.0,2008.0,1
4,2,1510000,3,2.0,225.98,1960.0,1
3,3,1220000,1,2.0,134.0,1980.0,1
4,3,1656000,2,2.0,199.0,1940.0,1
2,3,707000,1,1.0,92.0,1960.0,0
2,1,582000,1,2.0,93.0,2010.0,0
3,3,1255000,1,2.0,108.0,1950.0,1
2,1,535000,1,1.0,77.0,1970.0,0
2,1,586000,2,1.0,75.0,2013.0,0
4,3,1615000,2,2.0,199.0,1920.0,1
3,1,655000,1,2.0,104.0,1970.0,0
5,3,1351000,3,2.0,175.0,1955.0,1
4,3,1840000,2,2.0,222.0,1900.0,1
5,3,2250000,2,2.0,228.0,1925.0,1
2,1,437500,1,1.0,74.0,1970.0,0
3,1,960000,2,2.0,167.0,1995.0,0
4,2,1425000,2,2.0,189.0,2000.0,1
3,3,1400000,3,0.0,105.0,1910.0,1
2,1,520000,1,1.0,54.0,2012.0,0
2,3,801000,2,1.0,90.0,2012.0,0
3,3,2400000,2,2.0,226.0,1880.0,1
2,1,575000,1,1.0,61.0,2008.0,0
4,3,2700000,3,2.0,156.0,1900.0,1
2,1,600000,1,1.0,61.0,2005.0,0
2,1,1030000,2,2.0,99.0,2005.0,0
2,1,645000,1,1.0,84.0,1920.0,0
2,1,550000,1,1.0,69.0,1976.0,0
2,1,630000,1,1.0,59.0,1970.0,0
2,1,685000,1,1.0,87.0,1965.0,0
1,3,860000,1,0.0,54.0,1905.0,0
3,3,2240000,2,1.0,168.0,1900.0,1
1,1,460000,1,1.0,42.0,1970.0,0
2,1,650000,1,0.0,2.0,1900.0,0
2,2,1100000,1,1.0,75.0,2004.0,0
3,3,1820000,1,1.0,105.0,1910.0,1
3,1,680000,2,2.0,110.87,2003.0,0
3,1,710000,2,2.0,150.0,2001.0,0
3,1,1320000,2,2.0,15.0,1960.0,1
2,3,1214000,1,0.0,82.0,1900.0,1
2,1,485000,1,0.0,73.0,1970.0,0
2,3,1710000,2,0.0,145.0,1880.0,1
2,1,792500,1,1.0,106.0,1970.0,0
1,1,390500,1,0.0,46.0,1960.0,0
2,1,610500,2,1.0,84.0,2006.0,0
2,3,1120000,1,0.0,74.0,1930.0,0
2,2,1077000,1,1.0,98.0,1890.0,0
2,3,1301000,1,1.0,97.0,1910.0,1
2,3,1440000,1,2.0,112.0,1890.0,1
3,1,1000000,1,0.0,115.0,1930.0,0
3,1,1190000,1,1.0,140.0,1955.0,1
2,1,482000,1,1.0,54.0,2004.0,0
2,1,825000,1,2.0,85.0,1970.0,0
3,3,1525000,2,2.0,195.0,2013.0,1
2,3,1260000,1,0.0,124.0,1910.0,1
4,3,2360000,2,2.0,265.0,1930.0,1
2,3,1250000,2,1.0,96.0,1980.0,1
4,3,1600000,1,2.0,186.0,1886.0,1
3,3,1652000,2,2.0,150.0,1960.0,1
4,3,2370000,3,2.0,300.0,1900.0,1
4,3,2220000,3,2.0,244.0,2016.0,1
3,2,1680000,3,1.0,178.0,2005.0,1
3,2,850000,2,2.0,145.0,1995.0,0
2,1,740000,1,1.0,97.0,1960.0,0
2,1,632500,1,1.0,76.0,1968.0,0
2,1,1260000,2,2.0,125.0,2008.0,1
1,1,360000,1,0.0,39.5,1959.0,0
3,3,1520000,2,1.0,138.0,1900.0,1
2,1,800000,2,2.0,92.0,2001.0,0
2,1,500000,1,1.0,76.0,1960.0,0
1,1,490000,1,1.0,53.0,2002.0,0
2,3,1300000,1,0.0,80.0,1900.0,1
3,3,2250000,2,1.0,146.0,1890.0,1
2,2,742500,1,1.0,101.0,2001.0,0
3,3,860000,1,2.0,104.0,1970.0,0
2,1,595000,1,1.0,75.0,1998.0,0
2,1,580000,1,1.0,79.0,1995.0,0
2,1,580000,1,1.0,70.0,1994.0,0
2,1,655000,1,1.0,105.0,1960.0,0
3,1,840000,1,1.0,94.0,1940.0,0
2,1,1010000,2,2.0,119.0,1990.0,0
3,2,1320000,2,1.0,131.0,1970.0,1
2,1,585000,1,1.0,79.0,1965.0,0
2,1,854000,1,1.0,90.0,1945.0,0
1,1,350000,1,0.0,48.0,1975.0,0
2,1,450000,1,1.0,50.0,1960.0,0
3,3,1275000,2,2.0,127.0,1965.0,1
3,3,1045000,1,1.0,114.0,1970.0,0
5,3,1220000,2,2.0,188.0,1950.0,1
3,3,2650000,2,2.0,219.0,1910.0,1
1,1,380000,1,1.0,46.0,2000.0,0
4,2,1731000,3,2.0,239.0,2001.0,1
2,1,677000,1,1.0,76.0,1975.0,0
3,2,1320000,2,2.0,223.0,2006.0,1
2,1,816000,2,1.0,86.5,2015.0,0
3,2,950000,3,2.0,149.0,2013.0,0
2,1,500000,1,1.0,76.0,1965.0,0
3,1,1210000,2,2.0,152.0,2010.0,1
3,3,1140000,1,2.0,204.0,1960.0,0
3,1,1000000,1,1.0,90.0,1940.0,0
4,3,2900000,1,3.0,156.0,1890.0,1
2,1,450000,1,1.0,71.0,1965.0,0
2,1,645000,1,1.0,64.0,1970.0,0
3,3,750000,2,2.0,87.0,2005.0,0
2,1,862000,1,1.0,72.0,1970.0,0
1,1,454000,1,1.0,51.0,2010.0,0
2,1,562000,1,1.0,88.0,1970.0,0
4,3,2450000,3,2.0,210.0,2010.0,1
2,1,643500,1,1.0,67.0,1970.0,0
3,1,1235000,2,1.0,120.0,1960.0,1
1,1,350000,1,1.0,41.0,2005.0,0
2,1,525000,1,1.0,60.0,1970.0,0
1,1,517500,1,0.0,74.0,1920.0,0
2,1,365000,1,1.0,49.0,1993.0,0
3,3,2500000,2,1.0,148.5,1890.0,1
3,3,2385000,1,0.0,130.0,1910.0,1
4,2,1655000,3,2.0,240.0,2013.0,1
4,3,2405000,2,2.0,125.0,1930.0,1
5,3,3100000,3,2.0,355.0,1960.0,1
4,2,1200000,2,2.0,226.0,2012.0,1
3,3,1185000,2,2.0,145.0,1960.0,0
4,3,1620000,2,2.0,255.0,2014.0,1
4,3,1580000,2,2.0,175.0,1950.0,1
3,3,1315000,1,2.0,353.0,1960.0,1
2,1,1400000,2,2.0,104.0,1960.0,1
3,3,1175000,1,3.0,120.0,1970.0,0
3,3,1935000,2,1.0,161.0,1940.0,1
5,3,2000000,3,2.0,249.0,1990.0,1
4,2,845000,3,2.0,184.0,1960.0,0
2,1,850000,1,1.0,85.0,1960.0,0
3,3,1570000,2,2.0,180.0,1970.0,1
3,1,1275000,2,2.0,132.0,1984.0,1
3,3,1435000,2,2.0,161.0,1938.0,1
2,1,650000,2,1.0,99.0,2010.0,0
1,1,350000,1,1.0,53.3,1960.0,0
2,1,665000,1,1.0,93.0,1970.0,0
2,3,674000,1,1.0,94.0,1980.0,0
2,2,745000,1,2.0,98.5,1991.0,0
2,1,850000,1,2.0,81.0,1970.0,0
2,1,975000,1,1.0,106.0,1970.0,0
2,1,480000,1,1.0,65.0,1968.0,0
2,1,696750,1,1.0,83.0,1930.0,0
1,1,420000,1,1.0,45.0,2009.0,0
2,1,695500,1,1.0,76.0,1973.0,0
3,3,1890000,1,2.0,169.0,1925.0,1
3,1,690000,1,1.0,95.88,1965.0,0
2,1,1022000,1,1.0,104.0,1930.0,0
1,1,560000,1,1.0,47.0,1970.0,0
2,1,805000,1,1.0,84.0,1965.0,0
3,3,1875000,2,1.0,141.0,1890.0,1
4,3,2320000,2,2.0,199.0,1980.0,1
3,2,1465000,2,2.0,177.0,2010.0,1
2,2,942000,1,1.0,109.0,1975.0,0
1,1,515000,1,1.0,62.0,1900.0,0
4,3,2162000,2,3.0,192.0,1950.0,1
2,1,592000,1,1.0,72.9,1977.0,0
1,1,455000,1,1.0,45.4,1960.0,0
3,3,1780000,2,2.0,146.0,1930.0,1
3,3,2010000,1,0.0,128.0,1890.0,1
2,3,1114000,1,1.0,90.0,1960.0,0
3,1,740000,1,1.0,90.0,2004.0,0
1,1,280000,1,1.0,33.0,1975.0,0
2,1,485000,1,1.0,72.0,2012.0,0
3,1,1725000,2,2.0,189.0,2000.0,1
2,1,665000,2,1.0,81.0,2010.0,0
3,3,1400000,2,0.0,138.0,1880.0,1
4,2,2300000,2,2.0,166.0,1940.0,1
3,3,1710000,2,0.0,150.0,1920.0,1
4,2,2221000,2,2.0,235.0,2000.0,1
2,1,530000,1,1.0,52.0,2012.0,0
2,1,800000,2,1.0,73.0,2014.0,0
2,3,2210000,2,1.0,133.0,1890.0,1
3,3,1400000,1,1.0,132.0,1993.0,1
2,1,535000,1,1.0,63.0,1970.0,0
1,1,422000,1,1.0,51.0,2010.0,0
2,1,740000,1,2.0,80.0,1970.0,0
1,1,550000,1,1.0,64.0,1965.0,0
2,1,682000,1,1.0,60.0,1975.0,0
4,3,1680000,3,3.0,194.0,1958.0,1
3,3,860000,2,2.0,115.0,1990.0,0
3,3,2380000,2,2.0,278.0,1938.0,1
1,3,2100000,1,1.0,303.0,2016.0,1
3,2,1557000,2,2.0,181.0,2010.0,1
4,3,2050000,1,1.0,152.0,1950.0,1
3,3,1525000,1,3.0,128.0,1940.0,1
4,3,1330000,2,2.0,191.0,1950.0,1
2,1,879000,1,1.0,88.0,1970.0,0
4,3,2100000,3,2.0,306.19,2000.0,1
3,2,918000,2,1.0,144.0,2012.0,0
5,3,2361000,3,2.0,203.0,1920.0,1
3,3,1550000,2,2.0,200.0,1930.0,1
3,2,1237000,2,2.0,135.0,1990.0,1
3,2,861000,2,2.0,130.0,2000.0,0
3,3,1460000,1,0.0,133.0,1915.0,1
2,1,550000,1,1.0,69.0,1970.0,0
2,1,810000,1,1.0,87.0,1935.0,0
2,1,543000,1,1.0,74.0,1960.0,0
3,1,970000,2,2.0,99.0,2005.0,0
1,1,375000,1,1.0,53.0,1970.0,0
2,1,1080000,2,2.0,136.0,2000.0,0
5,3,2855000,3,2.0,274.0,2000.0,1
3,3,1093800,1,2.0,180.0,1960.0,0
4,3,1145000,1,2.0,151.0,1960.0,0
3,3,1561000,1,2.0,132.0,1930.0,1
3,1,840000,1,1.0,118.0,1970.0,0
3,2,820000,2,1.0,130.0,2013.0,0
2,3,695000,1,1.0,75.45,1970.0,0
3,2,1388000,2,2.0,146.0,2015.0,1
1,1,440000,1,1.0,44.0,2015.0,0
4,3,2300000,2,2.0,263.5,1890.0,1
3,1,1250000,2,3.0,113.0,2001.0,1
1,3,407500,1,1.0,53.0,2000.0,0
2,1,642500,1,1.0,77.0,1994.0,0
2,1,615000,1,1.0,84.0,1920.0,0
2,1,807000,1,1.0,84.0,1960.0,0
2,1,685000,1,0.0,58.0,1930.0,0
5,3,2180000,3,2.0,35.0,1960.0,1
5,3,3200000,3,2.0,168.0,1970.0,1
4,3,1815000,3,2.0,107.0,1960.0,1
3,3,1225000,1,2.0,129.0,1950.0,1
3,3,2655000,2,2.0,183.0,1991.0,1
4,3,2525000,2,2.0,300.0,2000.0,1
3,3,1300000,1,2.0,77.0,1940.0,1
4,3,1700000,2,2.0,185.0,1925.0,1
3,3,800000,1,1.0,121.0,1970.0,0
3,3,877000,1,2.0,135.0,1965.0,0
3,3,900000,1,2.0,120.0,1965.0,0
3,3,1800000,2,2.0,185.0,2010.0,1
3,2,1610000,2,2.0,20.0,1960.0,1
2,2,1285000,1,1.0,100.0,1992.0,1
2,1,685000,1,0.0,81.0,2007.0,0
3,1,957000,2,2.0,113.0,1994.0,0
3,3,2370000,2,1.0,188.0,1890.0,1
2,3,1682000,1,1.0,97.0,1910.0,1
4,3,1920000,1,2.0,181.0,1920.0,1
5,3,1750000,2,2.0,313.0,1935.0,1
3,3,1210000,1,2.0,115.0,1960.0,1
3,1,800000,1,2.0,80.0,2008.0,0
2,1,1020000,1,1.0,102.0,1920.0,0
2,1,660000,2,1.0,76.0,1970.0,0
4,3,1770000,2,2.0,233.0,1998.0,1
5,3,2000000,3,2.0,286.0,1945.0,1
2,3,957500,1,1.0,58.0,1892.0,0
3,3,2080000,2,2.0,177.8,1905.0,1
3,3,1505000,1,1.0,109.0,1890.0,1
2,1,410000,1,0.0,63.0,1967.0,0
2,1,725000,1,1.0,76.0,1975.0,0
2,1,602000,1,1.0,72.0,1960.0,0
2,1,830000,2,1.0,101.76,2007.0,0
3,3,1300000,2,2.0,147.0,1985.0,1
5,3,1940000,2,1.0,140.0,1940.0,1
3,3,1590000,1,1.0,128.0,1955.0,1
4,3,2200000,3,2.0,318.0,2014.0,1
2,1,420000,1,1.0,68.0,1970.0,0
4,3,1479000,2,2.0,148.0,1920.0,1
3,3,1430000,2,2.0,197.0,1950.0,1
3,1,1080000,2,2.0,144.0,1980.0,0
4,3,1605000,1,2.0,163.0,1948.0,1
2,3,1035000,1,1.0,65.0,1985.0,0
3,3,1290000,2,2.0,195.0964,1997.0,1
3,3,1930000,2,1.0,119.0,1910.0,1
4,3,2408000,2,2.0,221.0,1945.0,1
3,1,1042000,2,2.0,122.0,2008.0,0
3,3,1450000,2,2.0,167.0,1940.0,1
2,1,570000,1,1.0,65.0,1960.0,0
2,3,1417500,1,2.0,103.0,1900.0,1
2,3,510000,1,2.0,66.0,1970.0,0
2,1,601000,1,1.0,94.0,1972.0,0
3,3,1145000,1,2.0,112.0,1950.0,0
2,1,902000,1,0.0,86.0,1940.0,0
2,3,1410000,1,1.0,117.0,1930.0,1
3,2,1360000,2,2.0,175.0,1997.0,1
2,1,762000,1,1.0,93.0,1875.0,0
3,2,1501000,2,2.0,160.0,1995.0,1
4,3,2550000,2,2.0,200.0,1925.0,1
4,3,2800000,2,2.0,192.0,1910.0,1
3,3,1702000,1,2.0,110.0,1900.0,1
2,1,802500,1,2.0,87.0,1970.0,0
1,1,441000,1,0.0,50.0,1960.0,0
2,1,500000,1,1.0,72.0,1970.0,0
3,3,1600000,2,3.0,137.0,1960.0,1
3,1,1203500,2,2.0,127.0,2000.0,1
2,2,825000,1,3.0,107.0,1995.0,0
2,1,682000,1,1.0,80.0,1960.0,0
4,3,2258000,1,2.0,173.0,1910.0,1
3,3,1700000,2,0.0,141.0,1920.0,1
3,2,1060000,1,1.0,110.0,1980.0,0
3,3,1750000,2,0.0,155.0,1885.0,1
4,3,1540000,2,2.0,199.0,1920.0,1
1,2,470000,1,1.0,76.0,2000.0,0
4,2,912000,2,2.0,146.0,1997.0,0
4,3,1565000,3,2.0,154.0,1920.0,1
2,3,1335000,1,0.0,105.0,1880.0,1
2,1,740000,1,1.0,100.0,1940.0,0
2,1,698000,1,1.0,85.0,1900.0,0
2,3,780000,1,0.0,48.0,1900.0,0
2,1,760000,1,1.0,82.0,1970.0,0
4,3,2920000,2,2.0,254.0,1920.0,1
1,1,400000,1,1.0,43.0,1950.0,0
2,1,600000,1,1.0,78.0,1960.0,0
2,1,600000,1,1.0,80.0,1993.0,0
1,1,480000,1,1.0,64.0,1930.0,0
5,3,2505000,2,0.0,266.53,1927.0,1
3,3,1785000,1,1.0,120.0,1910.0,1
2,1,380000,1,1.0,62.0,2011.0,0
2,1,585000,1,1.0,82.0,1950.0,0
4,3,1580000,1,2.0,165.0,1970.0,1
2,1,755000,1,1.0,82.6,1960.0,0
2,1,750000,1,2.0,85.0,1970.0,0
1,1,286000,1,1.0,45.0,1960.0,0
2,1,580010,1,1.0,72.0,1970.0,0
4,2,1250000,3,2.0,223.0,2005.0,1
3,2,930000,2,1.0,127.0,2011.0,0
1,1,435000,1,1.0,44.0,2009.0,0
1,1,260000,1,1.0,38.0,1950.0,0
1,1,330000,1,1.0,44.0,1960.0,0
2,1,501000,1,1.0,77.0,1960.0,0
2,2,771000,1,1.0,99.0,1992.0,0
1,1,455000,1,1.0,49.0,1960.0,0
2,1,615888,1,1.0,73.0,1970.0,0
5,3,1475000,2,3.0,157.0,1920.0,1
3,3,1410000,1,1.0,113.0,1930.0,1
4,3,1820000,2,1.0,265.0,1915.0,1
3,3,875000,2,2.0,144.0,2006.0,0
1,1,327000,1,1.0,32.0,1960.0,0
4,3,1900000,2,2.0,210.0,1920.0,1
4,3,850000,3,2.0,327.0,2017.0,0
3,3,1720000,2,2.0,137.0,1998.0,1
2,1,600000,1,1.0,62.0,1972.0,0
2,1,762500,1,1.0,79.0,2003.0,0
4,3,1855500,2,1.0,216.0,1880.0,1
1,1,468000,1,1.0,55.0,2000.0,0
1,1,470000,1,1.0,44.4,2009.0,0
1,1,410000,1,1.0,51.0,1960.0,0
2,1,821000,2,1.0,75.0,2006.0,0
4,2,1520000,3,2.0,190.0,2012.0,1
3,3,2299500,2,3.0,230.0,1940.0,1
4,3,2360000,3,2.0,214.0,1926.0,1
4,3,1460000,2,2.0,185.0,1955.0,1
4,2,1280000,3,2.0,200.0,2014.0,1
4,2,1750000,3,2.0,262.0,2013.0,1
4,3,2210000,2,1.0,175.0,1908.0,1
3,3,1680000,1,2.0,181.0,1920.0,1
2,1,890000,1,2.0,106.0,1970.0,0
4,3,1390000,2,1.0,196.0,1950.0,1
4,3,2725000,2,2.0,275.0,2006.0,1
4,3,1925000,2,2.0,176.0,1900.0,1
4,3,995000,2,1.0,131.0,1960.0,0
4,2,1680000,2,1.0,172.0,1995.0,1
4,3,3175000,2,3.0,174.0,1900.0,1
2,1,520000,1,1.0,74.0,1970.0,0
1,1,320000,1,0.0,49.0,1960.0,0
4,3,2165000,3,2.0,255.0,2016.0,1
2,1,851000,1,1.0,87.0,1960.0,0
3,3,1345000,1,1.0,131.0,1950.0,1
1,1,420000,1,1.0,47.0,2004.0,0
2,3,1857000,1,1.0,116.65,1890.0,1
3,3,1425000,1,1.0,108.0,1930.0,1
3,3,1910000,2,2.0,165.0,1990.0,1
3,3,1485000,2,2.0,139.0,1975.0,1
1,1,505000,1,1.0,52.0,1960.0,0
4,3,1570000,2,1.0,170.0,1900.0,1
3,3,1510000,1,2.0,115.0,1960.0,1
3,2,1007000,2,1.0,114.0,1977.0,0
2,1,860000,2,1.0,108.0,1950.0,0
3,3,1650000,1,2.0,117.0,1880.0,1
3,3,2020000,2,2.0,216.0,2007.0,1
3,3,2500000,3,3.0,206.0,1925.0,1
3,3,2500000,1,2.0,110.0,1950.0,1
2,3,1200000,1,2.0,96.0,1940.0,1
1,1,370000,1,1.0,54.0,2009.0,0
2,1,760000,2,1.0,77.0,2013.0,0
4,3,2635000,2,2.0,154.0,1910.0,1
2,3,1250000,1,0.0,100.0,1910.0,1
1,1,400000,1,2.0,50.0,1960.0,0
2,1,626000,1,2.0,78.0,2000.0,0
4,3,1800000,3,1.0,93.0,1900.0,1
2,1,1350000,2,1.0,109.0,1930.0,1
3,1,940000,2,3.0,20.0,1960.0,0
1,1,410000,1,1.0,50.0,1960.0,0
2,1,625000,1,1.0,88.0,1960.0,0
2,1,701000,1,0.0,107.0,1950.0,0
4,3,1600000,2,3.0,160.0,1910.0,1
5,3,2400000,3,2.0,309.0,2016.0,1
3,1,1860000,2,2.0,176.0,1930.0,1
3,1,1350000,2,1.0,133.0,1940.0,1
3,3,1420000,1,1.0,130.0,1965.0,1
4,3,2800000,3,2.0,226.0,1900.0,1
1,1,290000,1,1.0,35.0,1960.0,0
3,3,1840000,2,1.0,171.0,1920.0,1
2,1,430000,1,1.0,68.0,1960.0,0
1,1,361000,1,1.0,53.0,1975.0,0
3,1,960000,2,2.0,151.0,2000.0,0
2,1,540000,1,1.0,77.0,1960.0,0
3,1,1150000,2,1.0,119.0,2000.0,0
3,3,1100000,2,1.0,109.5,1999.0,0
3,3,1080000,2,2.0,103.0,1960.0,0
3,2,935000,2,2.0,109.0,1985.0,0
3,2,956000,2,1.0,137.0,1994.0,0
4,3,1211000,3,3.0,167.0,1970.0,1
4,3,1610000,2,2.0,193.0,1950.0,1
2,3,1150000,1,3.0,122.0,1970.0,0
2,1,500000,1,1.0,78.0,1960.0,0
3,3,2800000,2,2.0,193.74,1860.0,1
2,1,666000,1,1.0,73.0,2005.0,0
2,1,470000,1,0.0,67.0,1950.0,0
2,1,1140000,2,2.0,119.0,1990.0,0
2,1,486000,1,2.0,63.0,1960.0,0
4,3,1450000,2,1.0,154.0,1965.0,1
3,2,1060000,2,2.0,1.0,2000.0,0
3,2,1850000,3,2.0,203.0,2007.0,1
2,1,410000,1,1.0,75.0,1967.0,0
5,3,1500000,2,2.0,188.0,1950.0,1
2,1,796000,1,2.0,86.0,1975.0,0
3,3,1050000,1,2.0,133.0,1990.0,0
2,1,610000,1,1.0,88.0,2007.0,0
3,3,1050000,1,2.0,169.0,1970.0,0
3,3,1975000,2,2.0,165.0,1900.0,1
3,2,1200000,1,2.0,117.0,1965.0,1
2,1,630000,1,1.0,73.0,1970.0,0
2,1,580000,1,1.0,62.0,1970.0,0
2,1,519500,1,1.0,73.0,1970.0,0
3,2,1405000,2,2.0,139.0,2014.0,1
2,1,472000,1,1.0,70.0,1970.0,0
2,1,591000,1,2.0,90.0,1887.0,0
3,3,1651000,2,1.0,125.0,1950.0,1
1,1,420000,1,1.0,43.0,1960.0,0
2,1,460000,2,0.0,63.0,2014.0,0
2,1,1340000,2,2.0,133.0,1995.0,1
1,1,360000,1,1.0,49.0,1971.0,0
2,1,735000,1,1.0,84.0,1935.0,0
4,3,1540000,2,3.0,205.0,1970.0,1
4,3,1755000,2,2.0,155.0,1938.0,1
3,2,1435000,3,2.0,177.0,2014.0,1
3,2,1260000,2,2.0,138.0,1960.0,1
2,1,600000,1,1.0,74.0,1960.0,0
2,1,845000,1,1.0,110.0,1960.0,0
3,2,1280000,2,2.0,158.0,2014.0,1
4,3,2500000,2,3.0,225.0,1930.0,1
2,1,600800,1,1.0,1.0,1960.0,0
3,1,1151000,2,1.0,115.0,1995.0,0
5,2,1050000,2,2.0,159.0,2011.0,0
4,3,1740000,2,2.0,283.0,2010.0,1
2,1,834500,1,2.0,92.0,2005.0,0
2,1,930000,1,1.0,80.0,1930.0,0
2,1,720000,1,2.0,90.0,1920.0,0
3,2,1035000,2,2.0,111.0,2010.0,0
2,1,715000,1,1.0,80.0,2005.0,0
2,1,450000,1,1.0,77.0,2010.0,0
2,2,955000,1,1.0,1.0,1970.0,0
3,2,1200000,1,2.0,125.0,2000.0,1
3,2,1030000,2,2.0,180.0,2006.0,0
4,2,1200000,2,2.0,183.0,2007.0,1
2,3,1150000,1,2.0,100.0,1950.0,0
3,2,1405000,2,2.0,129.0,1980.0,1
4,3,3015000,2,2.0,276.0,1970.0,1
2,1,540000,1,1.0,67.0,1970.0,0
2,1,910000,1,2.0,106.0,1970.0,0
1,1,295000,1,1.0,45.0,1970.0,0
3,3,1965000,2,3.0,58.0,1960.0,1
2,3,1722500,1,0.0,75.0,1900.0,1
2,1,558500,1,1.0,63.0,1970.0,0
4,3,1660000,2,2.0,235.0,2004.0,1
4,3,1235000,2,2.0,165.0,1925.0,1
2,3,980000,1,0.0,112.0,2000.0,0
2,1,570000,1,1.0,64.0,1965.0,0
2,1,600000,1,1.0,82.0,1930.0,0
2,1,560000,1,1.0,61.6,2012.0,0
2,1,600000,1,1.0,85.0,1980.0,0
5,3,1950000,3,2.0,0.0,1949.0,1
3,3,1470000,2,2.0,154.0,1960.0,1
4,3,1950000,3,2.0,206.0,1950.0,1
4,3,2515000,2,2.0,323.0,1925.0,1
2,1,817500,1,1.0,95.0,1960.0,0
2,1,692500,1,1.0,72.0,1970.0,0
4,3,1609000,2,2.0,155.0,1900.0,1
3,3,1295000,2,2.0,195.0,1958.0,1
3,3,1300000,2,2.0,170.0,1900.0,1
4,3,1900000,3,2.0,228.0,1985.0,1
4,3,1150000,2,2.0,175.0,1940.0,0
3,3,1354000,1,2.0,124.0,1950.0,1
3,3,2200000,2,2.0,158.0,1935.0,1
4,3,1550000,2,2.0,187.0,1960.0,1
3,3,1510000,1,0.0,156.0,1900.0,1
4,3,1495000,2,1.0,179.0,1950.0,1
3,3,1103000,1,2.0,134.0,1960.0,0
3,3,1845000,3,2.0,240.0,2009.0,1
3,3,1000000,1,0.0,96.0,1890.0,0
3,3,1650000,1,0.0,200.0,1966.0,1
4,3,2700000,2,1.0,318.0,1890.0,1
5,3,2290000,3,2.0,273.0,1925.0,1
3,3,1725000,1,2.0,117.0,1915.0,1
2,3,1355000,1,0.0,78.0,1900.0,1
3,2,1715000,3,1.0,141.0,1920.0,1
3,3,2730000,2,2.0,203.0,1940.0,1
4,3,2210000,3,2.0,233.0,1940.0,1
3,3,1070000,1,3.0,105.0,1960.0,0
3,3,1342000,1,3.0,110.0,1910.0,1
3,2,1960000,2,2.0,36.0,1960.0,1
6,3,2835000,3,2.0,283.0,1970.0,1
5,3,2450000,3,2.0,239.0,1926.0,1
2,2,850000,2,1.0,101.0,2007.0,0
3,3,1508000,2,2.0,147.0,2011.0,1
3,3,1201000,2,3.0,156.0,1960.0,1
3,3,1450000,1,1.0,147.0,1948.0,1
4,3,2325000,3,2.0,227.0,1920.0,1
3,3,1450000,1,0.0,104.0,1890.0,1
2,3,1325000,1,2.0,88.0,1940.0,1
3,3,1975000,1,2.0,160.0,1925.0,1
4,2,2750000,2,3.0,270.0,2015.0,1
3,1,828000,2,2.0,117.0,1980.0,0
3,3,1960000,2,0.0,230.0,1900.0,1
4,3,1915000,2,2.0,220.0,1910.0,1
1,3,855000,1,0.0,72.0,1900.0,0
4,3,1810000,3,2.0,223.0,1997.0,1
5,3,2230000,2,2.0,270.0,1905.0,1
3,3,1425000,1,1.0,150.0,1907.0,1
2,3,1460000,1,1.0,80.0,1930.0,1
2,3,1726000,2,2.0,128.0,1910.0,1
4,3,1920000,3,2.0,203.0,2016.0,1
3,3,1575000,1,2.0,115.0,1955.0,1
4,3,2270000,2,2.0,334.0,2010.0,1
3,3,1890000,2,1.0,144.0,1940.0,1
4,3,1895000,2,2.0,220.0,1920.0,1
3,2,1280000,2,2.0,239.0,2013.0,1
4,3,1595000,1,2.0,167.0,1960.0,1
4,3,1850000,3,3.0,170.0,2000.0,1
2,2,955000,2,1.0,112.0,2009.0,0
3,3,1230000,1,1.0,133.0,1960.0,1
3,3,2105000,2,1.0,180.0,1890.0,1
4,3,2410000,2,1.0,120.0,1920.0,1
3,3,1380000,1,2.0,152.0,2001.0,1
3,3,1300000,1,2.0,124.0,1960.0,1
3,3,1307500,1,1.0,111.0,1940.0,1
3,3,1390000,2,1.0,150.0,1940.0,1
5,3,1225000,2,2.0,210.0,1950.0,1
3,3,2180000,1,2.0,126.0,1905.0,1
3,3,2118000,2,2.0,188.0,1930.0,1
3,3,2030000,2,2.0,172.0,1940.0,1
3,3,1800000,2,1.0,123.0,1910.0,1
3,3,1390000,2,1.0,0.0,2002.0,1
4,3,3000000,3,2.0,180.0,1915.0,1
3,3,1210000,1,3.0,93.0,1955.0,1
2,3,1020000,1,2.0,115.0,1959.0,0
4,3,1675000,2,2.0,294.0,1960.0,1
5,3,2800000,2,2.0,254.0,1990.0,1
4,3,1966000,2,2.0,181.0,1905.0,1
1,1,381000,1,1.0,55.0,1970.0,0
3,2,795000,2,2.0,137.0,2013.0,0
3,3,1160000,2,2.0,134.0,1980.0,0
3,3,1285000,2,2.0,101.0,1940.0,1
4,2,2000000,3,2.0,275.0,2010.0,1
4,3,1125000,1,1.0,175.0,1950.0,0
4,3,1911000,3,2.0,302.0,2005.0,1
4,3,2450000,2,2.0,192.0,1920.0,1
2,2,955000,1,1.0,100.0,1970.0,0
2,3,1630000,1,0.0,88.0,1920.0,1
6,3,1875000,2,2.0,170.0,1962.0,1
3,3,1321188,1,1.0,200.0,1945.0,1
3,3,760000,1,1.0,120.0,1940.0,0
4,3,1450000,2,2.0,178.0,1940.0,1
3,3,1725000,1,2.0,151.0,1890.0,1
3,2,1463000,2,2.0,147.0,1998.0,1
4,2,1050000,2,1.0,184.0,2010.0,0
4,3,2680000,2,1.0,265.0,1890.0,1
4,3,1910000,3,2.0,256.0,2014.0,1
3,3,2340000,2,1.0,135.0,1880.0,1
4,2,1650000,2,1.0,200.0,2005.0,1
3,3,2550000,2,3.0,202.0,1950.0,1
5,3,2800000,2,2.0,0.0,1960.0,1
5,3,1800000,3,3.0,243.0,1960.0,1
4,2,1130000,2,2.0,183.0,2012.0,0
4,3,1370000,3,3.0,186.0,1930.0,1
3,3,1311000,2,3.0,194.0,1950.0,1
4,3,2830000,2,2.0,202.0,1930.0,1
3,3,2060000,1,3.0,175.0,1950.0,1
3,3,1650000,2,2.0,0.0,1920.0,1
3,3,1220000,2,2.0,151.0,2015.0,1
4,3,1535000,3,2.0,188.0,1950.0,1
2,3,1322500,1,1.0,94.0,1950.0,1
3,3,1400000,2,3.0,193.0,2011.0,1
2,1,790000,1,1.0,82.0,2010.0,0
5,3,1300000,2,2.0,213.0,1970.0,1
3,3,975000,2,2.0,114.0,1960.0,0
4,3,2690000,2,2.0,0.0,1910.0,1
3,3,1750000,2,2.0,232.0,2006.0,1
4,3,3080000,2,3.0,339.0,1930.0,1
2,1,651000,1,1.0,97.0,1940.0,0
3,3,2090000,1,0.0,113.0,1900.0,1
3,3,1072000,1,3.0,138.0,1950.0,0
3,3,1290000,1,1.0,0.0,1970.0,1
2,3,875000,1,0.0,76.0,1920.0,0
4,2,2455000,3,2.0,0.0,2010.0,1
4,3,1490000,2,2.0,168.0,1930.0,1
3,3,1715000,1,2.0,151.0,1906.0,1
